Workbook

Sheet Liquidacion Lideres y Superviso
A1: MES | B1: CARGO | C1: NOMBRE | D1: LLAVE 1 CAPTURA | E1: LLAVE 2 COBERTURA | F1: PROM. LLAVE | G1: VALOR COMISION TP | H1: % CUMPL. TP | I1: VALOR COMISION | J1: VALOR COMISION VENTAS | K1: % VENTAS | L1: VALOR COMISION | M1: VALOR COMISION X FC DV | N1: % FC & DV | O1: VALOR COMISION | P1: Valor Comision | Q1: Valor a Pagar | R1: Comentario | S1: Cumple Llaves
A2: JULIO | B2: LIDER | C2: ANYI MAYERLIE ORJUELA | D2: 0.79407662 | E2: 0.96165107 | F2: 0.87786385 | G2: 240000 | H2: 0.5909551 | I2: 141829.22 | J2: 80000 | K2: 0.95 | L2: 76000 | M2: 80000 | N2: 0.85826224 | O2: 64000 | P2: 400000 | Q2: 281829.22 | S2: SI
A3: JULIO | B3: LIDER | C3: HECTOR MEDINA ROZO | D3: 0.73291655 | E3: 0.90862361 | F3: 0.82077008 | G3: 240000 | H3: 0.454592 | I3: 0 | J3: 80000 | K3: 0.95 | L3: 76000 | M3: 80000 | N3: 0.741079 | O3: 0 | P3: 400000 | Q3: 76000 | S3: SI
A4: JULIO | B4: LIDER | C4: MONICA GIRALDO HERNANDEZ | D4: 0.7842858 | E4: 0.94727881 | F4: 0.86578231 | G4: 240000 | H4: 0.57371461 | I4: 137691.51 | J4: 80000 | K4: 0.95 | L4: 76000 | M4: 80000 | N4: 0.66103539 | O4: 0 | P4: 400000 | Q4: 213691.51 | S4: SI
A5: JULIO | B5: SUPERVISOR | C5: GIL MARTINEZ JENNIFER STEFANNIE | D5: 0.72796919 | E5: 0.82167566 | F5: 0.77482242 | G5: 180000 | H5: 0.42404444 | I5: 0 | J5: 60000 | K5: 0.95 | L5: 57000 | M5: 60000 | N5: 0.61175278 | O5: 0 | P5: 300000 | Q5: 57000 | S5: SI
A6: JULIO | B6: SUPERVISOR | C6: MELISA MARTINEZ | D6: 0.72651394 | E6: 0.99238095 | F6: 0.85944745 | G6: 180000 | H6: 0.4916 | I6: 0 | J6: 60000 | K6: 0.95 | L6: 57000 | M6: 60000 | N6: 0.62542667 | O6: 0 | P6: 300000 | Q6: 57000 | S6: SI
A7: JULIO | B7: SUPERVISOR | C7: SUSANA SILVA MENDOZA | D7: 0.74428961 | E7: 0.90707877 | F7: 0.82568419 | G7: 180000 | H7: 0.47044762 | I7: 0 | J7: 60000 | K7: 0.95 | L7: 57000 | M7: 60000 | N7: 0.65495714 | O7: 0 | P7: 300000 | Q7: 57000 | S7: SI
A8: JULIO | B8: SUPERVISOR | C8: JUAN PABLO GIL ALMANZA | D8: 0.82545 | E8: 0.9875 | F8: 0.906475 | G8: 180000 | H8: 0.66263958 | I8: 119275.13 | J8: 60000 | K8: 0.95 | L8: 57000 | M8: 60000 | N8: 0.97 | O8: 58200 | P8: 300000 | Q8: 234475.12 | S8: SI
A9: JULIO | B9: SUPERVISOR | C9: PIÑEROS MONTAÑA LAURA ESTEPHANIA | D9: 0.80434211 | E9: 0.98009471 | F9: 0.89221841 | G9: 180000 | H9: 0.61938421 | I9: 111489.16 | J9: 60000 | K9: 0.95 | L9: 57000 | M9: 60000 | N9: 0.91566579 | O9: 54000 | P9: 300000 | Q9: 222489.16 | S9: SI
A10: JULIO | B10: SUPERVISOR | C10: MEJÍA BLANDÓN ASTRID KARINA | D10: 0.79483117 | E10: 0.97283452 | F10: 0.88383284 | G10: 180000 | H10: 0.56215238 | I10: 101187.43 | J10: 60000 | K10: 0.95 | L10: 57000 | M10: 60000 | N10: 0.64117857 | O10: 0 | P10: 300000 | Q10: 158187.43 | S10: SI
A11: JULIO | B11: SUPERVISOR | C11: PEREZ ZAGARRA AUGUSTO EDUARDO | D11: 0.81263967 | E11: 0.96685863 | F11: 0.88974915 | G11: 180000 | H11: 0.56086061 | I11: 100954.91 | J11: 60000 | K11: 0.95 | L11: 57000 | M11: 60000 | N11: 0.58981364 | O11: 0 | P11: 300000 | Q11: 157954.91 | S11: SI
A12: JULIO | B12: SUPERVISOR | C12: GONZALEZ BARRANTES EDWIN JESSID | D12: 0.74380428 | E12: 0.9267826 | F12: 0.83529344 | G12: 180000 | H12: 0.45428235 | I12: 0 | J12: 60000 | K12: 0.95 | L12: 57000 | M12: 60000 | N12: 0.98 | O12: 58800 | P12: 300000 | Q12: 115800 | S12: SI
A13: JULIO | B13: SUPERVISOR | C13: CAMPUZANO IRLET ANDREA | D13: 0.76249545 | E13: 0.94038872 | F13: 0.85144209 | G13: 180000 | H13: 0.65167667 | I13: 117301.8 | J13: 60000 | K13: 0.95 | L13: 57000 | M13: 60000 | N13: 0.57183 | O13: 0 | P13: 300000 | Q13: 174301.8 | S13: SI
... A17: JULIO | B17: SUPERVISOR | C17: OSSA TABARES JAZMIN BERNARDA | D17: 0.77788347 | E17: 0.92766106 | F17: 0.85277227 | G17: 180000 | H17: 0.61910909 | I17: 111439.64 | J17: 60000 | K17: 0.95 | L17: 57000 | M17: 60000 | N17: 0.48893636 | O17: 0 | P17: 300000 | Q17: 168439.64 | S17: SI
G18: TIENDA PERFECTA | J18: VENTAS | M18: FECHAS CORTAS Y DEVOLUCIONES | Q18: TOTAL LIQUIDAR

Sheet TD Supervisores Y Lideres Prom
B2: SUPERVISORES
B3: COORDINADOR | C3: % Cumplimiento TP | D3: % Cumplimiento Ventas | E3: % Cumplimiento FC & DV | F3: Valor Comision
B4: GIL MARTINEZ JENNIFER STEFANNIE | C4: 0.42404444 | D4: 0.95 | E4: 0.61175278 | F4: 300000
B5: MELISA MARTINEZ | C5: 0.4916 | D5: 0.95 | E5: 0.62542667 | F5: 300000
B6: SUSANA SILVA MENDOZA | C6: 0.47044762 | D6: 0.95 | E6: 0.65495714 | F6: 300000
B7: JUAN PABLO GIL ALMANZA | C7: 0.66263958 | D7: 0.95 | E7: 0.9679875 | F7: 300000
B8: PIÑEROS MONTAÑA LAURA ESTEPHANIA | C8: 0.61938421 | D8: 0.95 | E8: 0.91566579 | F8: 300000
B9: MEJÍA BLANDÓN ASTRID KARINA | C9: 0.56215238 | D9: 0.95 | E9: 0.64117857 | F9: 300000
B10: PEREZ ZAGARRA AUGUSTO EDUARDO | C10: 0.56086061 | D10: 0.95 | E10: 0.58981364 | F10: 300000
B11: GONZALEZ BARRANTES EDWIN JESSID | C11: 0.45428235 | D11: 0.95 | E11: 0.98005882 | F11: 300000
B12: CAMPUZANO IRLET ANDREA | C12: 0.65167667 | D12: 0.95 | E12: 0.57183 | F12: 300000
B13: ROSERO JURADO LAURA CATALINA | C13: 0.40322308 | D13: 0.95 | E13: 0.80693462 | F13: 300000
B14: SÁNCHEZ ZAMBRANO LEIDY NICOLE VANESSA | C14: 0.63954902 | D14: 0.95 | E14: 0.7329 | F14: 300000
B15: ARIAS GARCÍA MARIAN JULIE | C15: 0.58306154 | D15: 0.95 | E15: 0.71705 | F15: 300000
B16: OSSA TABARES JAZMIN BERNARDA | C16: 0.61910909 | D16: 0.95 | E16: 0.48893636 | F16: 300000
B17: Total general | C17: 0.5465266 | D17: 0.95 | E17: 0.73372846 | F17: =+SUM(F4:F16) -> 3900000
B19: LIDERES
B20: COORDINADOR | C20: Promedio de % Cumplimiento TP | D20: Promedio de % Cumplimiento Ventas | E20: Promedio de % Cumplimiento FC & DV | F20: Valor Comision
B21: ANYI MAYERLIE ORJUELA | C21: 0.5909551 | D21: 0.95 | E21: 0.85826224 | F21: 400000
B22: HECTOR MEDINA ROZO | C22: 0.454592 | D22: 0.95 | E22: 0.741079 | F22: 400000
B23: MONICA GIRALDO HERNANDEZ | C23: 0.57371461 | D23: 0.95 | E23: 0.66103539 | F23: 400000
B24: Total general | C24: 0.5465266 | D24: 0.95 | E24: 0.73372846
B26: SUPERVISORES
B27: COORDINADOR | C27: Promedio de % Cumpl. Captura | D27: Promedio de % Cumplimiento Cobertura
B28: GIL MARTINEZ JENNIFER STEFANNIE | C28: 0.72796919 | D28: 0.82167566
B29: MELISA MARTINEZ | C29: 0.72651394 | D29: 0.99238095
B30: SUSANA SILVA MENDOZA | C30: 0.74428961 | D30: 0.90707877
B31: JUAN PABLO GIL ALMANZA | C31: 0.82545 | D31: 0.9875
B32: PIÑEROS MONTAÑA LAURA ESTEPHANIA | C32: 0.80434211 | D32: 0.98009471
B33: MEJÍA BLANDÓN ASTRID KARINA | C33: 0.79483117 | D33: 0.97283452
B34: PEREZ ZAGARRA AUGUSTO EDUARDO | C34: 0.81263967 | D34: 0.96685863
B35: GONZALEZ BARRANTES EDWIN JESSID | C35: 0.74380428 | D35: 0.9267826
B36: CAMPUZANO IRLET ANDREA | C36: 0.76249545 | D36: 0.94038872
B37: ROSERO JURADO LAURA CATALINA | C37: 0.74805035 | D37: 0.90092045
B38: SÁNCHEZ ZAMBRANO LEIDY NICOLE VANESSA | C38: 0.78396417 | D38: 0.9710585
B39: ARIAS GARCÍA MARIAN JULIE | C39: 0.80777273 | D39: 0.94035132
... B41: Total general | C41: 0.77317563 | D41: 0.94074413
B43: SUPERVISORES
B44: COORDINADOR | C44: Promedio de % Cumpl. Captura | D44: Promedio de % Cumplimiento Cobertura
B45: ANYI MAYERLIE ORJUELA | C45: 0.79407662 | D45: 0.96165107
B46: HECTOR MEDINA ROZO | C46: 0.73291655 | D46: 0.90862361
B47: MONICA GIRALDO HERNANDEZ | C47: 0.7842858 | D47: 0.94727881
B48: Total general | C48: 0.77317563 | D48: 0.94074413

Sheet Liq. Mercaderista 1ra Llave 95%
W1: SI | X1: =+COUNTIF(W6:W193,W1) -> 0
B2: LLAVE DEL 95% | W2: Equipo ganador | X2: =+X1/188 -> 0
G3: LLAVE | I3: LLAVE | K3: 0.6 | O3: 0.2 | S3: 0.2
F4: 250000 | G4: CAPTURA DE INFORMACION | K4: TIENDA PERFECTA | O4: VENTAS | S4: DEVOLUCIONES & FECHAS CORTAS | X4: =+SUBTOTAL(9,X6:X193) -> 0
B5: Regional | C5: RUTA | D5: Lider | E5: Supervisor | F5: Valor Comision | G5: % Cumpl. Captura | H5: Categoria Efec 95% | I5: % Cumplimiento Cobertura | J5: Categoria Efec 95% | K5: Valor Comision TP | L5: % Cumplimiento TP | M5: Categoria Efec >80% | N5: $ Liquidar | O5: Valor Comision Ventas | P5: % Cumplimiento Ventas | Q5: Categoria Efec | R5: $ Liquidar | S5: Valor Comision FC y Dev | T5: % Cumplimiento FC & DV | U5: Categoria Efec | V5: $ Liquidar | W5: Corresponde Comision | X5: Valor total A Pagar Real | Y5: Observaciones
B6: REGIONAL BOGOTA | C6: CTR_1 | D6: ANYI MAYERLIE ORJUELA | E6: SUSANA SILVA MENDOZA | F6: =+$F$4 -> 250000 | G6: =+VLOOKUP(C6,Indicadores!B:C,2,FALSE) -> 0.8841 | H6: =IF(G6>=95%,"Cumple","No Cumple") -> No Cumple | I6: =+VLOOKUP(C6,Indicadores!B:F,5,FALSE) -> 1 | J6: =IF(I6>=95%,"Cumple","No Cumple") -> Cumple | K6: =+$F$4*$K$3 -> 150000 | L6: =+VLOOKUP(C6,Indicadores!B:P,15,FALSE) -> 0.86933333 | M6: =IF(L6>=80%,"Cumple","No Cumple") -> Cumple | N6: =IF(L6=80%,K6*70%,IF(AND(L6>=81%,L6<=90%),K6*80%,IF(AND(L6>=91%,L6<=95%),K6*90%,IF(L6=96%,K6*96%,IF(L6=97%,K6*97%,IF(L6=98%,K6*98%,IF(L6=99%,K6*99%,IF(L6=100%,K6,0)))))))) -> 120000 | O6: =+$F$4*$O$3 -> 50000 | P6: 0.95 | Q6: =IF(P6>=80%,"Cumple","No Cumple") -> Cumple | R6: =+O6*95% -> 47500 | S6: =+$F$4*$S$3 -> 50000 | T6: =+VLOOKUP(C6,Indicadores!B:V,21,FALSE) -> 0.489 | U6: =IF(T6>=100%,"Cumple","No Cumple") -> No Cumple | V6: =IF(T6=100%,S6,0) -> 0 | W6: =IF(AND(G6>=95%,I6>=95%),"SI","NO") -> NO | X6: =+IF(W6="SI",N6+R6+V6,0) -> 0
B7: REGIONAL BOGOTA | C7: CTR_10 | D7: ANYI MAYERLIE ORJUELA | E7: SUSANA SILVA MENDOZA | F7: =+$F$4 -> 250000 | G7: =+VLOOKUP(C7,Indicadores!B:C,2,FALSE) -> 0.7519 | H7: =IF(G7>=95%,"Cumple","No Cumple") -> No Cumple | I7: =+VLOOKUP(C7,Indicadores!B:F,5,FALSE) -> 1 | J7: =IF(I7>=95%,"Cumple","No Cumple") -> Cumple | K7: =+$F$4*$K$3 -> 150000 | L7: =+VLOOKUP(C7,Indicadores!B:P,15,FALSE) -> 0.40476667 | M7: =IF(L7>=80%,"Cumple","No Cumple") -> No Cumple | N7: =IF(L7=80%,K7*70%,IF(AND(L7>=81%,L7<=90%),K7*80%,IF(AND(L7>=91%,L7<=95%),K7*90%,IF(L7=96%,K7*96%,IF(L7=97%,K7*97%,IF(L7=98%,K7*98%,IF(L7=99%,K7*99%,IF(L7=100%,K7,0)))))))) -> 0 | O7: =+$F$4*$O$3 -> 50000 | P7: 0.95 | Q7: =IF(P7>=80%,"Cumple","No Cumple") -> Cumple | R7: =+O7*95% -> 47500 | S7: =+$F$4*$S$3 -> 50000 | T7: =+VLOOKUP(C7,Indicadores!B:V,21,FALSE) -> 1 | U7: =IF(T7>=100%,"Cumple","No Cumple") -> Cumple | V7: =IF(T7=100%,S7,0) -> 50000 | W7: =IF(AND(G7>=95%,I7>=95%),"SI","NO") -> NO | X7: =+IF(W7="SI",N7+R7+V7,0) -> 0
B8: REGIONAL BOGOTA | C8: CTR_11 | D8: ANYI MAYERLIE ORJUELA | E8: SUSANA SILVA MENDOZA | F8: =+$F$4 -> 250000 | G8: =+VLOOKUP(C8,Indicadores!B:C,2,FALSE) -> 0.75821818 | H8: =IF(G8>=95%,"Cumple","No Cumple") -> No Cumple | I8: =+VLOOKUP(C8,Indicadores!B:F,5,FALSE) -> 0.44444444 | J8: =IF(I8>=95%,"Cumple","No Cumple") -> No Cumple | K8: =+$F$4*$K$3 -> 150000 | L8: =+VLOOKUP(C8,Indicadores!B:P,15,FALSE) -> 0.39656667 | M8: =IF(L8>=80%,"Cumple","No Cumple") -> No Cumple | N8: =IF(L8=80%,K8*70%,IF(AND(L8>=81%,L8<=90%),K8*80%,IF(AND(L8>=91%,L8<=95%),K8*90%,IF(L8=96%,K8*96%,IF(L8=97%,K8*97%,IF(L8=98%,K8*98%,IF(L8=99%,K8*99%,IF(L8=100%,K8,0)))))))) -> 0 | O8: =+$F$4*$O$3 -> 50000 | P8: 0.95 | Q8: =IF(P8>=80%,"Cumple","No Cumple") -> Cumple | R8: =+O8*95% -> 47500 | S8: =+$F$4*$S$3 -> 50000 | T8: =+VLOOKUP(C8,Indicadores!B:V,21,FALSE) -> 0.48935 | U8: =IF(T8>=100%,"Cumple","No Cumple") -> No Cumple | V8: =IF(T8=100%,S8,0) -> 0 | W8: =IF(AND(G8>=95%,I8>=95%),"SI","NO") -> NO | X8: =+IF(W8="SI",N8+R8+V8,0) -> 0
B9: REGIONAL BOGOTA | C9: CTR_12 | D9: ANYI MAYERLIE ORJUELA | E9: SUSANA SILVA MENDOZA | F9: =+$F$4 -> 250000 | G9: =+VLOOKUP(C9,Indicadores!B:C,2,FALSE) -> 0.70937273 | H9: =IF(G9>=95%,"Cumple","No Cumple") -> No Cumple | I9: =+VLOOKUP(C9,Indicadores!B:F,5,FALSE) -> 0.82608696 | J9: =IF(I9>=95%,"Cumple","No Cumple") -> No Cumple | K9: =+$F$4*$K$3 -> 150000 | L9: =+VLOOKUP(C9,Indicadores!B:P,15,FALSE) -> 0.35353333 | M9: =IF(L9>=80%,"Cumple","No Cumple") -> No Cumple | N9: =IF(L9=80%,K9*70%,IF(AND(L9>=81%,L9<=90%),K9*80%,IF(AND(L9>=91%,L9<=95%),K9*90%,IF(L9=96%,K9*96%,IF(L9=97%,K9*97%,IF(L9=98%,K9*98%,IF(L9=99%,K9*99%,IF(L9=100%,K9,0)))))))) -> 0 | O9: =+$F$4*$O$3 -> 50000 | P9: 0.95 | Q9: =IF(P9>=80%,"Cumple","No Cumple") -> Cumple | R9: =+O9*95% -> 47500 | S9: =+$F$4*$S$3 -> 50000 | T9: =+VLOOKUP(C9,Indicadores!B:V,21,FALSE) -> 0.4697 | U9: =IF(T9>=100%,"Cumple","No Cumple") -> No Cumple | V9: =IF(T9=100%,S9,0) -> 0 | W9: =IF(AND(G9>=95%,I9>=95%),"SI","NO") -> NO | X9: =+IF(W9="SI",N9+R9+V9,0) -> 0
B10: REGIONAL BOGOTA | C10: CTR_13 | D10: ANYI MAYERLIE ORJUELA | E10: SUSANA SILVA MENDOZA | F10: =+$F$4 -> 250000 | G10: =+VLOOKUP(C10,Indicadores!B:C,2,FALSE) -> 0.75084545 | H10: =IF(G10>=95%,"Cumple","No Cumple") -> No Cumple | I10: =+VLOOKUP(C10,Indicadores!B:F,5,FALSE) -> 1 | J10: =IF(I10>=95%,"Cumple","No Cumple") -> Cumple | K10: =+$F$4*$K$3 -> 150000 | L10: =+VLOOKUP(C10,Indicadores!B:P,15,FALSE) -> 0.53333333 | M10: =IF(L10>=80%,"Cumple","No Cumple") -> No Cumple | N10: =IF(L10=80%,K10*70%,IF(AND(L10>=81%,L10<=90%),K10*80%,IF(AND(L10>=91%,L10<=95%),K10*90%,IF(L10=96%,K10*96%,IF(L10=97%,K10*97%,IF(L10=98%,K10*98%,IF(L10=99%,K10*99%,IF(L10=100%,K10,0)))))))) -> 0 | O10: =+$F$4*$O$3 -> 50000 | P10: 0.95 | Q10: =IF(P10>=80%,"Cumple","No Cumple") -> Cumple | R10: =+O10*95% -> 47500 | S10: =+$F$4*$S$3 -> 50000 | T10: =+VLOOKUP(C10,Indicadores!B:V,21,FALSE) -> 1 | U10: =IF(T10>=100%,"Cumple","No Cumple") -> Cumple | V10: =IF(T10=100%,S10,0) -> 50000 | W10: =IF(AND(G10>=95%,I10>=95%),"SI","NO") -> NO | X10: =+IF(W10="SI",N10+R10+V10,0) -> 0
B11: REGIONAL BOGOTA | C11: CTR_14 | D11: ANYI MAYERLIE ORJUELA | E11: SUSANA SILVA MENDOZA | F11: =+$F$4 -> 250000 | G11: =+VLOOKUP(C11,Indicadores!B:C,2,FALSE) -> 0.4869 | H11: =IF(G11>=95%,"Cumple","No Cumple") -> No Cumple | I11: =+VLOOKUP(C11,Indicadores!B:F,5,FALSE) -> 1 | J11: =IF(I11>=95%,"Cumple","No Cumple") -> Cumple | K11: =+$F$4*$K$3 -> 150000 | L11: =+VLOOKUP(C11,Indicadores!B:P,15,FALSE) -> 0.30066667 | M11: =IF(L11>=80%,"Cumple","No Cumple") -> No Cumple | N11: =IF(L11=80%,K11*70%,IF(AND(L11>=81%,L11<=90%),K11*80%,IF(AND(L11>=91%,L11<=95%),K11*90%,IF(L11=96%,K11*96%,IF(L11=97%,K11*97%,IF(L11=98%,K11*98%,IF(L11=99%,K11*99%,IF(L11=100%,K11,0)))))))) -> 0 | O11: =+$F$4*$O$3 -> 50000 | P11: 0.95 | Q11: =IF(P11>=80%,"Cumple","No Cumple") -> Cumple | R11: =+O11*95% -> 47500 | S11: =+$F$4*$S$3 -> 50000 | T11: =+VLOOKUP(C11,Indicadores!B:V,21,FALSE) -> 0.38985 | U11: =IF(T11>=100%,"Cumple","No Cumple") -> No Cumple | V11: =IF(T11=100%,S11,0) -> 0 | W11: =IF(AND(G11>=95%,I11>=95%),"SI","NO") -> NO | X11: =+IF(W11="SI",N11+R11+V11,0) -> 0
B12: REGIONAL BOGOTA | C12: CTR_15 | D12: ANYI MAYERLIE ORJUELA | E12: SUSANA SILVA MENDOZA | F12: =+$F$4 -> 250000 | G12: =+VLOOKUP(C12,Indicadores!B:C,2,FALSE) -> 0.78221818 | H12: =IF(G12>=95%,"Cumple","No Cumple") -> No Cumple | I12: =+VLOOKUP(C12,Indicadores!B:F,5,FALSE) -> 1 | J12: =IF(I12>=95%,"Cumple","No Cumple") -> Cumple | K12: =+$F$4*$K$3 -> 150000 | L12: =+VLOOKUP(C12,Indicadores!B:P,15,FALSE) -> 0.56656667 | M12: =IF(L12>=80%,"Cumple","No Cumple") -> No Cumple | N12: =IF(L12=80%,K12*70%,IF(AND(L12>=81%,L12<=90%),K12*80%,IF(AND(L12>=91%,L12<=95%),K12*90%,IF(L12=96%,K12*96%,IF(L12=97%,K12*97%,IF(L12=98%,K12*98%,IF(L12=99%,K12*99%,IF(L12=100%,K12,0)))))))) -> 0 | O12: =+$F$4*$O$3 -> 50000 | P12: 0.95 | Q12: =IF(P12>=80%,"Cumple","No Cumple") -> Cumple | R12: =+O12*95% -> 47500 | S12: =+$F$4*$S$3 -> 50000 | T12: =+VLOOKUP(C12,Indicadores!B:V,21,FALSE) -> 0.4945 | U12: =IF(T12>=100%,"Cumple","No Cumple") -> No Cumple | V12: =IF(T12=100%,S12,0) -> 0 | W12: =IF(AND(G12>=95%,I12>=95%),"SI","NO") -> NO | X12: =+IF(W12="SI",N12+R12+V12,0) -> 0
B13: REGIONAL BOGOTA | C13: CTR_16 | D13: ANYI MAYERLIE ORJUELA | E13: SUSANA SILVA MENDOZA | F13: =+$F$4 -> 250000 | G13: =+VLOOKUP(C13,Indicadores!B:C,2,FALSE) -> 0.7544 | H13: =IF(G13>=95%,"Cumple","No Cumple") -> No Cumple | I13: =+VLOOKUP(C13,Indicadores!B:F,5,FALSE) -> 0.92857143 | J13: =IF(I13>=95%,"Cumple","No Cumple") -> No Cumple | K13: =+$F$4*$K$3 -> 150000 | L13: =+VLOOKUP(C13,Indicadores!B:P,15,FALSE) -> 0.369 | M13: =IF(L13>=80%,"Cumple","No Cumple") -> No Cumple | N13: =IF(L13=80%,K13*70%,IF(AND(L13>=81%,L13<=90%),K13*80%,IF(AND(L13>=91%,L13<=95%),K13*90%,IF(L13=96%,K13*96%,IF(L13=97%,K13*97%,IF(L13=98%,K13*98%,IF(L13=99%,K13*99%,IF(L13=100%,K13,0)))))))) -> 0 | O13: =+$F$4*$O$3 -> 50000 | P13: 0.95 | Q13: =IF(P13>=80%,"Cumple","No Cumple") -> Cumple | R13: =+O13*95% -> 47500 | S13: =+$F$4*$S$3 -> 50000 | T13: =+VLOOKUP(C13,Indicadores!B:V,21,FALSE) -> 0.9403 | U13: =IF(T13>=100%,"Cumple","No Cumple") -> No Cumple | V13: =IF(T13=100%,S13,0) -> 0 | W13: =IF(AND(G13>=95%,I13>=95%),"SI","NO") -> NO | X13: =+IF(W13="SI",N13+R13+V13,0) -> 0
B14: REGIONAL BOGOTA | C14: CTR_2 | D14: HECTOR MEDINA ROZO | E14: GIL MARTINEZ JENNIFER STEFANNIE | F14: =+$F$4 -> 250000 | G14: =+VLOOKUP(C14,Indicadores!B:C,2,FALSE) -> 0.73967273 | H14: =IF(G14>=95%,"Cumple","No Cumple") -> No Cumple | I14: =+VLOOKUP(C14,Indicadores!B:F,5,FALSE) -> 0.5 | J14: =IF(I14>=95%,"Cumple","No Cumple") -> No Cumple | K14: =+$F$4*$K$3 -> 150000 | L14: =+VLOOKUP(C14,Indicadores!B:P,15,FALSE) -> 0.66163333 | M14: =IF(L14>=80%,"Cumple","No Cumple") -> No Cumple | N14: =IF(L14=80%,K14*70%,IF(AND(L14>=81%,L14<=90%),K14*80%,IF(AND(L14>=91%,L14<=95%),K14*90%,IF(L14=96%,K14*96%,IF(L14=97%,K14*97%,IF(L14=98%,K14*98%,IF(L14=99%,K14*99%,IF(L14=100%,K14,0)))))))) -> 0 | O14: =+$F$4*$O$3 -> 50000 | P14: 0.95 | Q14: =IF(P14>=80%,"Cumple","No Cumple") -> Cumple | R14: =+O14*95% -> 47500 | S14: =+$F$4*$S$3 -> 50000 | T14: =+VLOOKUP(C14,Indicadores!B:V,21,FALSE) -> 0.4091 | U14: =IF(T14>=100%,"Cumple","No Cumple") -> No Cumple | V14: =IF(T14=100%,S14,0) -> 0 | W14: =IF(AND(G14>=95%,I14>=95%),"SI","NO") -> NO | X14: =+IF(W14="SI",N14+R14+V14,0) -> 0
B15: REGIONAL BOGOTA | C15: CTR_3 | D15: HECTOR MEDINA ROZO | E15: GIL MARTINEZ JENNIFER STEFANNIE | F15: =+$F$4 -> 250000 | G15: =+VLOOKUP(C15,Indicadores!B:C,2,FALSE) -> 0.27650909 | H15: =IF(G15>=95%,"Cumple","No Cumple") -> No Cumple | I15: =+VLOOKUP(C15,Indicadores!B:F,5,FALSE) -> 1 | J15: =IF(I15>=95%,"Cumple","No Cumple") -> Cumple | K15: =+$F$4*$K$3 -> 150000 | L15: =+VLOOKUP(C15,Indicadores!B:P,15,FALSE) -> 0.1111 | M15: =IF(L15>=80%,"Cumple","No Cumple") -> No Cumple | N15: =IF(L15=80%,K15*70%,IF(AND(L15>=81%,L15<=90%),K15*80%,IF(AND(L15>=91%,L15<=95%),K15*90%,IF(L15=96%,K15*96%,IF(L15=97%,K15*97%,IF(L15=98%,K15*98%,IF(L15=99%,K15*99%,IF(L15=100%,K15,0)))))))) -> 0 | O15: =+$F$4*$O$3 -> 50000 | P15: 0.95 | Q15: =IF(P15>=80%,"Cumple","No Cumple") -> Cumple | R15: =+O15*95% -> 47500 | S15: =+$F$4*$S$3 -> 50000 | T15: =+VLOOKUP(C15,Indicadores!B:V,21,FALSE) -> 0.375 | U15: =IF(T15>=100%,"Cumple","No Cumple") -> No Cumple | V15: =IF(T15=100%,S15,0) -> 0 | W15: =IF(AND(G15>=95%,I15>=95%),"SI","NO") -> NO | X15: =+IF(W15="SI",N15+R15+V15,0) -> 0
B16: REGIONAL BOGOTA | C16: CTR_4 | D16: ANYI MAYERLIE ORJUELA | E16: SUSANA SILVA MENDOZA | F16: =+$F$4 -> 250000 | G16: =+VLOOKUP(C16,Indicadores!B:C,2,FALSE) -> 0.76430909 | H16: =IF(G16>=95%,"Cumple","No Cumple") -> No Cumple | I16: =+VLOOKUP(C16,Indicadores!B:F,5,FALSE) -> 1 | J16: =IF(I16>=95%,"Cumple","No Cumple") -> Cumple | K16: =+$F$4*$K$3 -> 150000 | L16: =+VLOOKUP(C16,Indicadores!B:P,15,FALSE) -> 0.66666667 | M16: =IF(L16>=80%,"Cumple","No Cumple") -> No Cumple | N16: =IF(L16=80%,K16*70%,IF(AND(L16>=81%,L16<=90%),K16*80%,IF(AND(L16>=91%,L16<=95%),K16*90%,IF(L16=96%,K16*96%,IF(L16=97%,K16*97%,IF(L16=98%,K16*98%,IF(L16=99%,K16*99%,IF(L16=100%,K16,0)))))))) -> 0 | O16: =+$F$4*$O$3 -> 50000 | P16: 0.95 | Q16: =IF(P16>=80%,"Cumple","No Cumple") -> Cumple | R16: =+O16*95% -> 47500 | S16: =+$F$4*$S$3 -> 50000 | T16: =+VLOOKUP(C16,Indicadores!B:V,21,FALSE) -> 1 | U16: =IF(T16>=100%,"Cumple","No Cumple") -> Cumple | V16: =IF(T16=100%,S16,0) -> 50000 | W16: =IF(AND(G16>=95%,I16>=95%),"SI","NO") -> NO | X16: =+IF(W16="SI",N16+R16+V16,0) -> 0
B17: REGIONAL BOGOTA | C17: CTR_5 | D17: ANYI MAYERLIE ORJUELA | E17: SUSANA SILVA MENDOZA | F17: =+$F$4 -> 250000 | G17: =+VLOOKUP(C17,Indicadores!B:C,2,FALSE) -> 0.73865455 | H17: =IF(G17>=95%,"Cumple","No Cumple") -> No Cumple | I17: =+VLOOKUP(C17,Indicadores!B:F,5,FALSE) -> 1 | J17: =IF(I17>=95%,"Cumple","No Cumple") -> Cumple | K17: =+$F$4*$K$3 -> 150000 | L17: =+VLOOKUP(C17,Indicadores!B:P,15,FALSE) -> 0.30556667 | M17: =IF(L17>=80%,"Cumple","No Cumple") -> No Cumple | N17: =IF(L17=80%,K17*70%,IF(AND(L17>=81%,L17<=90%),K17*80%,IF(AND(L17>=91%,L17<=95%),K17*90%,IF(L17=96%,K17*96%,IF(L17=97%,K17*97%,IF(L17=98%,K17*98%,IF(L17=99%,K17*99%,IF(L17=100%,K17,0)))))))) -> 0 | O17: =+$F$4*$O$3 -> 50000 | P17: 0.95 | Q17: =IF(P17>=80%,"Cumple","No Cumple") -> Cumple | R17: =+O17*95% -> 47500 | S17: =+$F$4*$S$3 -> 50000 | T17: =+VLOOKUP(C17,Indicadores!B:V,21,FALSE) -> 0.9167 | U17: =IF(T17>=100%,"Cumple","No Cumple") -> No Cumple | V17: =IF(T17=100%,S17,0) -> 0 | W17: =IF(AND(G17>=95%,I17>=95%),"SI","NO") -> NO | X17: =+IF(W17="SI",N17+R17+V17,0) -> 0
... B95: REGIONAL PERIFERIA | C95: VIJ_9 | D95: HECTOR MEDINA ROZO | E95: GONZALEZ BARRANTES EDWIN JESSID | F95: =+$F$4 -> 250000 | G95: =+VLOOKUP(C95,Indicadores!B:C,2,FALSE) -> 0.54912727 | H95: =IF(G95>=95%,"Cumple","No Cumple") -> No Cumple | I95: =+VLOOKUP(C95,Indicadores!B:F,5,FALSE) -> 1 | J95: =IF(I95>=95%,"Cumple","No Cumple") -> Cumple | K95: =+$F$4*$K$3 -> 150000 | L95: =+VLOOKUP(C95,Indicadores!B:P,15,FALSE) -> 0.32163333 | M95: =IF(L95>=80%,"Cumple","No Cumple") -> No Cumple | N95: =IF(L95=80%,K95*70%,IF(AND(L95>=81%,L95<=90%),K95*80%,IF(AND(L95>=91%,L95<=95%),K95*90%,IF(L95=96%,K95*96%,IF(L95=97%,K95*97%,IF(L95=98%,K95*98%,IF(L95=99%,K95*99%,IF(L95=100%,K95,0)))))))) -> 0 | O95: =+$F$4*$O$3 -> 50000 | P95: 0.95 | Q95: =IF(P95>=80%,"Cumple","No Cumple") -> Cumple | R95: =+O95*95% -> 47500 | S95: =+$F$4*$S$3 -> 50000 | T95: =+VLOOKUP(C95,Indicadores!B:V,21,FALSE) -> 0.802 | U95: =IF(T95>=100%,"Cumple","No Cumple") -> No Cumple | V95: =IF(T95=100%,S95,0) -> 0 | W95: =IF(AND(G95>=95%,I95>=95%),"SI","NO") -> NO | X95: =+IF(W95="SI",N95+R95+V95,0) -> 0
B96: REGIONAL EJE | C96: ARMENIA_1 | D96: MONICA GIRALDO HERNANDEZ | E96: CAMPUZANO IRLET ANDREA | F96: =+$F$4 -> 250000 | G96: =+VLOOKUP(C96,Indicadores!B:C,2,FALSE) -> 0.79049091 | H96: =IF(G96>=95%,"Cumple","No Cumple") -> No Cumple | I96: 0.9 | J96: =IF(I96>=95%,"Cumple","No Cumple") -> No Cumple | K96: =+$F$4*$K$3 -> 150000 | L96: =+VLOOKUP(C96,Indicadores!B:P,15,FALSE) -> 0.7123 | M96: =IF(L96>=80%,"Cumple","No Cumple") -> No Cumple | N96: =IF(L96=80%,K96*70%,IF(AND(L96>=81%,L96<=90%),K96*80%,IF(AND(L96>=91%,L96<=95%),K96*90%,IF(L96=96%,K96*96%,IF(L96=97%,K96*97%,IF(L96=98%,K96*98%,IF(L96=99%,K96*99%,IF(L96=100%,K96,0)))))))) -> 0 | O96: =+$F$4*$O$3 -> 50000 | P96: 0.95 | Q96: =IF(P96>=80%,"Cumple","No Cumple") -> Cumple | R96: =+O96*95% -> 47500 | S96: =+$F$4*$S$3 -> 50000 | T96: =+VLOOKUP(C96,Indicadores!B:V,21,FALSE) -> 0.5 | U96: =IF(T96>=100%,"Cumple","No Cumple") -> No Cumple | V96: =IF(T96=100%,S96,0) -> 0 | W96: =IF(AND(G96>=95%,I96>=95%),"SI","NO") -> NO | X96: =+IF(W96="SI",N96+R96+V96,0) -> 0
B97: REGIONAL EJE | C97: ARMENIA_2 | D97: MONICA GIRALDO HERNANDEZ | E97: CAMPUZANO IRLET ANDREA | F97: =+$F$4 -> 250000 | G97: =+VLOOKUP(C97,Indicadores!B:C,2,FALSE) -> 0.80227273 | H97: =IF(G97>=95%,"Cumple","No Cumple") -> No Cumple | I97: 0.9 | J97: =IF(I97>=95%,"Cumple","No Cumple") -> No Cumple | K97: =+$F$4*$K$3 -> 150000 | L97: =+VLOOKUP(C97,Indicadores!B:P,15,FALSE) -> 0.71583333 | M97: =IF(L97>=80%,"Cumple","No Cumple") -> No Cumple | N97: =IF(L97=80%,K97*70%,IF(AND(L97>=81%,L97<=90%),K97*80%,IF(AND(L97>=91%,L97<=95%),K97*90%,IF(L97=96%,K97*96%,IF(L97=97%,K97*97%,IF(L97=98%,K97*98%,IF(L97=99%,K97*99%,IF(L97=100%,K97,0)))))))) -> 0 | O97: =+$F$4*$O$3 -> 50000 | P97: 0.95 | Q97: =IF(P97>=80%,"Cumple","No Cumple") -> Cumple | R97: =+O97*95% -> 47500 | S97: =+$F$4*$S$3 -> 50000 | T97: =+VLOOKUP(C97,Indicadores!B:V,21,FALSE) -> 0.5 | U97: =IF(T97>=100%,"Cumple","No Cumple") -> No Cumple | V97: =IF(T97=100%,S97,0) -> 0 | W97: =IF(AND(G97>=95%,I97>=95%),"SI","NO") -> NO | X97: =+IF(W97="SI",N97+R97+V97,0) -> 0
B98: REGIONAL EJE | C98: CARTAGO_1 | D98: MONICA GIRALDO HERNANDEZ | E98: CAMPUZANO IRLET ANDREA | F98: =+$F$4 -> 250000 | G98: =+VLOOKUP(C98,Indicadores!B:C,2,FALSE) -> 0.77805455 | H98: =IF(G98>=95%,"Cumple","No Cumple") -> No Cumple | I98: =+VLOOKUP(C98,Indicadores!B:F,5,FALSE) -> 0.94736842 | J98: =IF(I98>=95%,"Cumple","No Cumple") -> No Cumple | K98: =+$F$4*$K$3 -> 150000 | L98: =+VLOOKUP(C98,Indicadores!B:P,15,FALSE) -> 0.7029 | M98: =IF(L98>=80%,"Cumple","No Cumple") -> No Cumple | N98: =IF(L98=80%,K98*70%,IF(AND(L98>=81%,L98<=90%),K98*80%,IF(AND(L98>=91%,L98<=95%),K98*90%,IF(L98=96%,K98*96%,IF(L98=97%,K98*97%,IF(L98=98%,K98*98%,IF(L98=99%,K98*99%,IF(L98=100%,K98,0)))))))) -> 0 | O98: =+$F$4*$O$3 -> 50000 | P98: 0.95 | Q98: =IF(P98>=80%,"Cumple","No Cumple") -> Cumple | R98: =+O98*95% -> 47500 | S98: =+$F$4*$S$3 -> 50000 | T98: =+VLOOKUP(C98,Indicadores!B:V,21,FALSE) -> 0.5 | U98: =IF(T98>=100%,"Cumple","No Cumple") -> No Cumple | V98: =IF(T98=100%,S98,0) -> 0 | W98: =IF(AND(G98>=95%,I98>=95%),"SI","NO") -> NO | X98: =+IF(W98="SI",N98+R98+V98,0) -> 0
B99: REGIONAL EJE | C99: DOSQUEBRADAS_1 | D99: MONICA GIRALDO HERNANDEZ | E99: CAMPUZANO IRLET ANDREA | F99: =+$F$4 -> 250000 | G99: =+VLOOKUP(C99,Indicadores!B:C,2,FALSE) -> 0.53720909 | H99: =IF(G99>=95%,"Cumple","No Cumple") -> No Cumple | I99: =+VLOOKUP(C99,Indicadores!B:F,5,FALSE) -> 1 | J99: =IF(I99>=95%,"Cumple","No Cumple") -> Cumple | K99: =+$F$4*$K$3 -> 150000 | L99: =+VLOOKUP(C99,Indicadores!B:P,15,FALSE) -> 0.57576667 | M99: =IF(L99>=80%,"Cumple","No Cumple") -> No Cumple | N99: =IF(L99=80%,K99*70%,IF(AND(L99>=81%,L99<=90%),K99*80%,IF(AND(L99>=91%,L99<=95%),K99*90%,IF(L99=96%,K99*96%,IF(L99=97%,K99*97%,IF(L99=98%,K99*98%,IF(L99=99%,K99*99%,IF(L99=100%,K99,0)))))))) -> 0 | O99: =+$F$4*$O$3 -> 50000 | P99: 0.95 | Q99: =IF(P99>=80%,"Cumple","No Cumple") -> Cumple | R99: =+O99*95% -> 47500 | S99: =+$F$4*$S$3 -> 50000 | T99: =+VLOOKUP(C99,Indicadores!B:V,21,FALSE) -> 0.7273 | U99: =IF(T99>=100%,"Cumple","No Cumple") -> No Cumple | V99: =IF(T99=100%,S99,0) -> 0 | W99: =IF(AND(G99>=95%,I99>=95%),"SI","NO") -> NO | X99: =+IF(W99="SI",N99+R99+V99,0) -> 0
B100: REGIONAL EJE | C100: DOSQUEBRADAS_2 | D100: MONICA GIRALDO HERNANDEZ | E100: CAMPUZANO IRLET ANDREA | F100: =+$F$4 -> 250000 | G100: =+VLOOKUP(C100,Indicadores!B:C,2,FALSE) -> 0.78260909 | H100: =IF(G100>=95%,"Cumple","No Cumple") -> No Cumple | I100: =+VLOOKUP(C100,Indicadores!B:F,5,FALSE) -> 0.88235294 | J100: =IF(I100>=95%,"Cumple","No Cumple") -> No Cumple | K100: =+$F$4*$K$3 -> 150000 | L100: =+VLOOKUP(C100,Indicadores!B:P,15,FALSE) -> 0.51633333 | M100: =IF(L100>=80%,"Cumple","No Cumple") -> No Cumple | N100: =IF(L100=80%,K100*70%,IF(AND(L100>=81%,L100<=90%),K100*80%,IF(AND(L100>=91%,L100<=95%),K100*90%,IF(L100=96%,K100*96%,IF(L100=97%,K100*97%,IF(L100=98%,K100*98%,IF(L100=99%,K100*99%,IF(L100=100%,K100,0)))))))) -> 0 | O100: =+$F$4*$O$3 -> 50000 | P100: 0.95 | Q100: =IF(P100>=80%,"Cumple","No Cumple") -> Cumple | R100: =+O100*95% -> 47500 | S100: =+$F$4*$S$3 -> 50000 | T100: =+VLOOKUP(C100,Indicadores!B:V,21,FALSE) -> 0.5 | U100: =IF(T100>=100%,"Cumple","No Cumple") -> No Cumple | V100: =IF(T100=100%,S100,0) -> 0 | W100: =IF(AND(G100>=95%,I100>=95%),"SI","NO") -> NO | X100: =+IF(W100="SI",N100+R100+V100,0) -> 0
B101: REGIONAL EJE | C101: MANIZALES_1 | D101: MONICA GIRALDO HERNANDEZ | E101: CAMPUZANO IRLET ANDREA | F101: =+$F$4 -> 250000 | G101: =+VLOOKUP(C101,Indicadores!B:C,2,FALSE) -> 0.8538 | H101: =IF(G101>=95%,"Cumple","No Cumple") -> No Cumple | I101: =+VLOOKUP(C101,Indicadores!B:F,5,FALSE) -> 0.94736842 | J101: =IF(I101>=95%,"Cumple","No Cumple") -> No Cumple | K101: =+$F$4*$K$3 -> 150000 | L101: =+VLOOKUP(C101,Indicadores!B:P,15,FALSE) -> 0.84723333 | M101: =IF(L101>=80%,"Cumple","No Cumple") -> Cumple | N101: =IF(L101=80%,K101*70%,IF(AND(L101>=81%,L101<=90%),K101*80%,IF(AND(L101>=91%,L101<=95%),K101*90%,IF(L101=96%,K101*96%,IF(L101=97%,K101*97%,IF(L101=98%,K101*98%,IF(L101=99%,K101*99%,IF(L101=100%,K101,0)))))))) -> 120000 | O101: =+$F$4*$O$3 -> 50000 | P101: 0.95 | Q101: =IF(P101>=80%,"Cumple","No Cumple") -> Cumple | R101: =+O101*95% -> 47500 | S101: =+$F$4*$S$3 -> 50000 | T101: =+VLOOKUP(C101,Indicadores!B:V,21,FALSE) -> 0.5 | U101: =IF(T101>=100%,"Cumple","No Cumple") -> No Cumple | V101: =IF(T101=100%,S101,0) -> 0 | W101: =IF(AND(G101>=95%,I101>=95%),"SI","NO") -> NO | X101: =+IF(W101="SI",N101+R101+V101,0) -> 0
B102: REGIONAL EJE | C102: MANIZALES_2 | D102: MONICA GIRALDO HERNANDEZ | E102: CAMPUZANO IRLET ANDREA | F102: =+$F$4 -> 250000 | G102: =+VLOOKUP(C102,Indicadores!B:C,2,FALSE) -> 0.76623636 | H102: =IF(G102>=95%,"Cumple","No Cumple") -> No Cumple | I102: =+VLOOKUP(C102,Indicadores!B:F,5,FALSE) -> 0.94444444 | J102: =IF(I102>=95%,"Cumple","No Cumple") -> No Cumple | K102: =+$F$4*$K$3 -> 150000 | L102: =+VLOOKUP(C102,Indicadores!B:P,15,FALSE) -> 0.60383333 | M102: =IF(L102>=80%,"Cumple","No Cumple") -> No Cumple | N102: =IF(L102=80%,K102*70%,IF(AND(L102>=81%,L102<=90%),K102*80%,IF(AND(L102>=91%,L102<=95%),K102*90%,IF(L102=96%,K102*96%,IF(L102=97%,K102*97%,IF(L102=98%,K102*98%,IF(L102=99%,K102*99%,IF(L102=100%,K102,0)))))))) -> 0 | O102: =+$F$4*$O$3 -> 50000 | P102: 0.95 | Q102: =IF(P102>=80%,"Cumple","No Cumple") -> Cumple | R102: =+O102*95% -> 47500 | S102: =+$F$4*$S$3 -> 50000 | T102: =+VLOOKUP(C102,Indicadores!B:V,21,FALSE) -> 0.5 | U102: =IF(T102>=100%,"Cumple","No Cumple") -> No Cumple | V102: =IF(T102=100%,S102,0) -> 0 | W102: =IF(AND(G102>=95%,I102>=95%),"SI","NO") -> NO | X102: =+IF(W102="SI",N102+R102+V102,0) -> 0
B103: REGIONAL EJE | C103: MANIZALES_3 | D103: MONICA GIRALDO HERNANDEZ | E103: CAMPUZANO IRLET ANDREA | F103: =+$F$4 -> 250000 | G103: =+VLOOKUP(C103,Indicadores!B:C,2,FALSE) -> 0.79444545 | H103: =IF(G103>=95%,"Cumple","No Cumple") -> No Cumple | I103: =+VLOOKUP(C103,Indicadores!B:F,5,FALSE) -> 0.88235294 | J103: =IF(I103>=95%,"Cumple","No Cumple") -> No Cumple | K103: =+$F$4*$K$3 -> 150000 | L103: =+VLOOKUP(C103,Indicadores!B:P,15,FALSE) -> 0.61863333 | M103: =IF(L103>=80%,"Cumple","No Cumple") -> No Cumple | N103: =IF(L103=80%,K103*70%,IF(AND(L103>=81%,L103<=90%),K103*80%,IF(AND(L103>=91%,L103<=95%),K103*90%,IF(L103=96%,K103*96%,IF(L103=97%,K103*97%,IF(L103=98%,K103*98%,IF(L103=99%,K103*99%,IF(L103=100%,K103,0)))))))) -> 0 | O103: =+$F$4*$O$3 -> 50000 | P103: 0.95 | Q103: =IF(P103>=80%,"Cumple","No Cumple") -> Cumple | R103: =+O103*95% -> 47500 | S103: =+$F$4*$S$3 -> 50000 | T103: =+VLOOKUP(C103,Indicadores!B:V,21,FALSE) -> 0.991 | U103: =IF(T103>=100%,"Cumple","No Cumple") -> No Cumple | V103: =IF(T103=100%,S103,0) -> 0 | W103: =IF(AND(G103>=95%,I103>=95%),"SI","NO") -> NO | X103: =+IF(W103="SI",N103+R103+V103,0) -> 0
B104: REGIONAL EJE | C104: PEREIRA_1 | D104: MONICA GIRALDO HERNANDEZ | E104: CAMPUZANO IRLET ANDREA | F104: =+$F$4 -> 250000 | G104: =+VLOOKUP(C104,Indicadores!B:C,2,FALSE) -> 0.75879091 | H104: =IF(G104>=95%,"Cumple","No Cumple") -> No Cumple | I104: =+VLOOKUP(C104,Indicadores!B:F,5,FALSE) -> 1 | J104: =IF(I104>=95%,"Cumple","No Cumple") -> Cumple | K104: =+$F$4*$K$3 -> 150000 | L104: =+VLOOKUP(C104,Indicadores!B:P,15,FALSE) -> 0.62816667 | M104: =IF(L104>=80%,"Cumple","No Cumple") -> No Cumple | N104: =IF(L104=80%,K104*70%,IF(AND(L104>=81%,L104<=90%),K104*80%,IF(AND(L104>=91%,L104<=95%),K104*90%,IF(L104=96%,K104*96%,IF(L104=97%,K104*97%,IF(L104=98%,K104*98%,IF(L104=99%,K104*99%,IF(L104=100%,K104,0)))))))) -> 0 | O104: =+$F$4*$O$3 -> 50000 | P104: 0.95 | Q104: =IF(P104>=80%,"Cumple","No Cumple") -> Cumple | R104: =+O104*95% -> 47500 | S104: =+$F$4*$S$3 -> 50000 | T104: =+VLOOKUP(C104,Indicadores!B:V,21,FALSE) -> 0.5 | U104: =IF(T104>=100%,"Cumple","No Cumple") -> No Cumple | V104: =IF(T104=100%,S104,0) -> 0 | W104: =IF(AND(G104>=95%,I104>=95%),"SI","NO") -> NO | X104: =+IF(W104="SI",N104+R104+V104,0) -> 0
B105: REGIONAL EJE | C105: PEREIRA_2 | D105: MONICA GIRALDO HERNANDEZ | E105: CAMPUZANO IRLET ANDREA | F105: =+$F$4 -> 250000 | G105: =+VLOOKUP(C105,Indicadores!B:C,2,FALSE) -> 0.76104545 | H105: =IF(G105>=95%,"Cumple","No Cumple") -> No Cumple | I105: =+VLOOKUP(C105,Indicadores!B:F,5,FALSE) -> 1 | J105: =IF(I105>=95%,"Cumple","No Cumple") -> Cumple | K105: =+$F$4*$K$3 -> 150000 | L105: =+VLOOKUP(C105,Indicadores!B:P,15,FALSE) -> 0.59576667 | M105: =IF(L105>=80%,"Cumple","No Cumple") -> No Cumple | N105: =IF(L105=80%,K105*70%,IF(AND(L105>=81%,L105<=90%),K105*80%,IF(AND(L105>=91%,L105<=95%),K105*90%,IF(L105=96%,K105*96%,IF(L105=97%,K105*97%,IF(L105=98%,K105*98%,IF(L105=99%,K105*99%,IF(L105=100%,K105,0)))))))) -> 0 | O105: =+$F$4*$O$3 -> 50000 | P105: 0.95 | Q105: =IF(P105>=80%,"Cumple","No Cumple") -> Cumple | R105: =+O105*95% -> 47500 | S105: =+$F$4*$S$3 -> 50000 | T105: =+VLOOKUP(C105,Indicadores!B:V,21,FALSE) -> 0.5 | U105: =IF(T105>=100%,"Cumple","No Cumple") -> No Cumple | V105: =IF(T105=100%,S105,0) -> 0 | W105: =IF(AND(G105>=95%,I105>=95%),"SI","NO") -> NO | X105: =+IF(W105="SI",N105+R105+V105,0) -> 0
B106: REGIONAL PACIFICO | C106: BUGA_1 | D106: MONICA GIRALDO HERNANDEZ | E106: ROSERO JURADO LAURA CATALINA | F106: =+$F$4 -> 250000 | G106: =+VLOOKUP(C106,Indicadores!B:C,2,FALSE) -> 0.78153636 | H106: =IF(G106>=95%,"Cumple","No Cumple") -> No Cumple | I106: =+VLOOKUP(C106,Indicadores!B:F,5,FALSE) -> 0.92307692 | J106: =IF(I106>=95%,"Cumple","No Cumple") -> No Cumple | K106: =+$F$4*$K$3 -> 150000 | L106: =+VLOOKUP(C106,Indicadores!B:P,15,FALSE) -> 0.38013333 | M106: =IF(L106>=80%,"Cumple","No Cumple") -> No Cumple | N106: =IF(L106=80%,K106*70%,IF(AND(L106>=81%,L106<=90%),K106*80%,IF(AND(L106>=91%,L106<=95%),K106*90%,IF(L106=96%,K106*96%,IF(L106=97%,K106*97%,IF(L106=98%,K106*98%,IF(L106=99%,K106*99%,IF(L106=100%,K106,0)))))))) -> 0 | O106: =+$F$4*$O$3 -> 50000 | P106: 0.95 | Q106: =IF(P106>=80%,"Cumple","No Cumple") -> Cumple | R106: =+O106*95% -> 47500 | S106: =+$F$4*$S$3 -> 50000 | T106: =+VLOOKUP(C106,Indicadores!B:V,21,FALSE) -> 0.9825 | U106: =IF(T106>=100%,"Cumple","No Cumple") -> No Cumple | V106: =IF(T106=100%,S106,0) -> 0 | W106: =IF(AND(G106>=95%,I106>=95%),"SI","NO") -> NO | X106: =+IF(W106="SI",N106+R106+V106,0) -> 0
B107: REGIONAL PACIFICO | C107: CALI_1 | D107: MONICA GIRALDO HERNANDEZ | E107: ROSERO JURADO LAURA CATALINA | F107: =+$F$4 -> 250000 | G107: =+VLOOKUP(C107,Indicadores!B:C,2,FALSE) -> 0.73636364 | H107: =IF(G107>=95%,"Cumple","No Cumple") -> No Cumple | I107: =+VLOOKUP(C107,Indicadores!B:F,5,FALSE) -> 0.66666667 | J107: =IF(I107>=95%,"Cumple","No Cumple") -> No Cumple | K107: =+$F$4*$K$3 -> 150000 | L107: =+VLOOKUP(C107,Indicadores!B:P,15,FALSE) -> 0.3611 | M107: =IF(L107>=80%,"Cumple","No Cumple") -> No Cumple | N107: =IF(L107=80%,K107*70%,IF(AND(L107>=81%,L107<=90%),K107*80%,IF(AND(L107>=91%,L107<=95%),K107*90%,IF(L107=96%,K107*96%,IF(L107=97%,K107*97%,IF(L107=98%,K107*98%,IF(L107=99%,K107*99%,IF(L107=100%,K107,0)))))))) -> 0 | O107: =+$F$4*$O$3 -> 50000 | P107: 0.95 | Q107: =IF(P107>=80%,"Cumple","No Cumple") -> Cumple | R107: =+O107*95% -> 47500 | S107: =+$F$4*$S$3 -> 50000 | T107: =+VLOOKUP(C107,Indicadores!B:V,21,FALSE) -> 1 | U107: =IF(T107>=100%,"Cumple","No Cumple") -> Cumple | V107: =IF(T107=100%,S107,0) -> 50000 | W107: =IF(AND(G107>=95%,I107>=95%),"SI","NO") -> NO | X107: =+IF(W107="SI",N107+R107+V107,0) -> 0
B108: REGIONAL PACIFICO | C108: CALI_14 | D108: MONICA GIRALDO HERNANDEZ | E108: ROSERO JURADO LAURA CATALINA | F108: =+$F$4 -> 250000 | G108: =+VLOOKUP(C108,Indicadores!B:C,2,FALSE) -> 0.80775455 | H108: =IF(G108>=95%,"Cumple","No Cumple") -> No Cumple | I108: =+VLOOKUP(C108,Indicadores!B:F,5,FALSE) -> 1 | J108: =IF(I108>=95%,"Cumple","No Cumple") -> Cumple | K108: =+$F$4*$K$3 -> 150000 | L108: =+VLOOKUP(C108,Indicadores!B:P,15,FALSE) -> 0.3552 | M108: =IF(L108>=80%,"Cumple","No Cumple") -> No Cumple | N108: =IF(L108=80%,K108*70%,IF(AND(L108>=81%,L108<=90%),K108*80%,IF(AND(L108>=91%,L108<=95%),K108*90%,IF(L108=96%,K108*96%,IF(L108=97%,K108*97%,IF(L108=98%,K108*98%,IF(L108=99%,K108*99%,IF(L108=100%,K108,0)))))))) -> 0 | O108: =+$F$4*$O$3 -> 50000 | P108: 0.95 | Q108: =IF(P108>=80%,"Cumple","No Cumple") -> Cumple | R108: =+O108*95% -> 47500 | S108: =+$F$4*$S$3 -> 50000 | T108: =+VLOOKUP(C108,Indicadores!B:V,21,FALSE) -> 0.5 | U108: =IF(T108>=100%,"Cumple","No Cumple") -> No Cumple | V108: =IF(T108=100%,S108,0) -> 0 | W108: =IF(AND(G108>=95%,I108>=95%),"SI","NO") -> NO | X108: =+IF(W108="SI",N108+R108+V108,0) -> 0
B109: REGIONAL PACIFICO | C109: CALI_3 | D109: MONICA GIRALDO HERNANDEZ | E109: ROSERO JURADO LAURA CATALINA | F109: =+$F$4 -> 250000 | G109: =+VLOOKUP(C109,Indicadores!B:C,2,FALSE) -> 0.77181818 | H109: =IF(G109>=95%,"Cumple","No Cumple") -> No Cumple | I109: =+VLOOKUP(C109,Indicadores!B:F,5,FALSE) -> 1 | J109: =IF(I109>=95%,"Cumple","No Cumple") -> Cumple | K109: =+$F$4*$K$3 -> 150000 | L109: =+VLOOKUP(C109,Indicadores!B:P,15,FALSE) -> 0.41296667 | M109: =IF(L109>=80%,"Cumple","No Cumple") -> No Cumple | N109: =IF(L109=80%,K109*70%,IF(AND(L109>=81%,L109<=90%),K109*80%,IF(AND(L109>=91%,L109<=95%),K109*90%,IF(L109=96%,K109*96%,IF(L109=97%,K109*97%,IF(L109=98%,K109*98%,IF(L109=99%,K109*99%,IF(L109=100%,K109,0)))))))) -> 0 | O109: =+$F$4*$O$3 -> 50000 | P109: 0.95 | Q109: =IF(P109>=80%,"Cumple","No Cumple") -> Cumple | R109: =+O109*95% -> 47500 | S109: =+$F$4*$S$3 -> 50000 | T109: =+VLOOKUP(C109,Indicadores!B:V,21,FALSE) -> 1 | U109: =IF(T109>=100%,"Cumple","No Cumple") -> Cumple | V109: =IF(T109=100%,S109,0) -> 50000 | W109: =IF(AND(G109>=95%,I109>=95%),"SI","NO") -> NO | X109: =+IF(W109="SI",N109+R109+V109,0) -> 0
... B132: REGIONAL BOGOTA | C132: SOC_5 | D132: ANYI MAYERLIE ORJUELA | E132: PIÑEROS MONTAÑA LAURA ESTEPHANIA | F132: =+$F$4 -> 250000 | G132: =+VLOOKUP(C132,Indicadores!B:C,2,FALSE) -> 0.80537273 | H132: =IF(G132>=95%,"Cumple","No Cumple") -> No Cumple | I132: =+VLOOKUP(C132,Indicadores!B:F,5,FALSE) -> 1 | J132: =IF(I132>=95%,"Cumple","No Cumple") -> Cumple | K132: =+$F$4*$K$3 -> 150000 | L132: =+VLOOKUP(C132,Indicadores!B:P,15,FALSE) -> 0.5845 | M132: =IF(L132>=80%,"Cumple","No Cumple") -> No Cumple | N132: =IF(L132=80%,K132*70%,IF(AND(L132>=81%,L132<=90%),K132*80%,IF(AND(L132>=91%,L132<=95%),K132*90%,IF(L132=96%,K132*96%,IF(L132=97%,K132*97%,IF(L132=98%,K132*98%,IF(L132=99%,K132*99%,IF(L132=100%,K132,0)))))))) -> 0 | O132: =+$F$4*$O$3 -> 50000 | P132: 0.95 | Q132: =IF(P132>=80%,"Cumple","No Cumple") -> Cumple | R132: =+O132*95% -> 47500 | S132: =+$F$4*$S$3 -> 50000 | T132: =+VLOOKUP(C132,Indicadores!B:V,21,FALSE) -> 1 | U132: =IF(T132>=100%,"Cumple","No Cumple") -> Cumple | V132: =IF(T132=100%,S132,0) -> 50000 | W132: =IF(AND(G132>=95%,I132>=95%),"SI","NO") -> NO | X132: =+IF(W132="SI",N132+R132+V132,0) -> 0
B133: REGIONAL BOGOTA | C133: SOC_6 | D133: ANYI MAYERLIE ORJUELA | E133: PIÑEROS MONTAÑA LAURA ESTEPHANIA | F133: =+$F$4 -> 250000 | G133: =+VLOOKUP(C133,Indicadores!B:C,2,FALSE) -> 0.91861818 | H133: =IF(G133>=95%,"Cumple","No Cumple") -> No Cumple | I133: 0.95 | J133: =IF(I133>=95%,"Cumple","No Cumple") -> Cumple | K133: =+$F$4*$K$3 -> 150000 | L133: =+VLOOKUP(C133,Indicadores!B:P,15,FALSE) -> 0.9345 | M133: =IF(L133>=80%,"Cumple","No Cumple") -> Cumple | N133: =IF(L133=80%,K133*70%,IF(AND(L133>=81%,L133<=90%),K133*80%,IF(AND(L133>=91%,L133<=95%),K133*90%,IF(L133=96%,K133*96%,IF(L133=97%,K133*97%,IF(L133=98%,K133*98%,IF(L133=99%,K133*99%,IF(L133=100%,K133,0)))))))) -> 135000 | O133: =+$F$4*$O$3 -> 50000 | P133: 0.95 | Q133: =IF(P133>=80%,"Cumple","No Cumple") -> Cumple | R133: =+O133*95% -> 47500 | S133: =+$F$4*$S$3 -> 50000 | T133: =+VLOOKUP(C133,Indicadores!B:V,21,FALSE) -> 1 | U133: =IF(T133>=100%,"Cumple","No Cumple") -> Cumple | V133: =IF(T133=100%,S133,0) -> 50000 | W133: =IF(AND(G133>=95%,I133>=95%),"SI","NO") -> NO | X133: =+IF(W133="SI",N133+R133+V133,0) -> 0
B134: REGIONAL BOGOTA | C134: SOC_7 | D134: ANYI MAYERLIE ORJUELA | E134: PIÑEROS MONTAÑA LAURA ESTEPHANIA | F134: =+$F$4 -> 250000 | G134: =+VLOOKUP(C134,Indicadores!B:C,2,FALSE) -> 0.79864545 | H134: =IF(G134>=95%,"Cumple","No Cumple") -> No Cumple | I134: =+VLOOKUP(C134,Indicadores!B:F,5,FALSE) -> 0.95652174 | J134: =IF(I134>=95%,"Cumple","No Cumple") -> Cumple | K134: =+$F$4*$K$3 -> 150000 | L134: =+VLOOKUP(C134,Indicadores!B:P,15,FALSE) -> 0.5323 | M134: =IF(L134>=80%,"Cumple","No Cumple") -> No Cumple | N134: =IF(L134=80%,K134*70%,IF(AND(L134>=81%,L134<=90%),K134*80%,IF(AND(L134>=91%,L134<=95%),K134*90%,IF(L134=96%,K134*96%,IF(L134=97%,K134*97%,IF(L134=98%,K134*98%,IF(L134=99%,K134*99%,IF(L134=100%,K134,0)))))))) -> 0 | O134: =+$F$4*$O$3 -> 50000 | P134: 0.95 | Q134: =IF(P134>=80%,"Cumple","No Cumple") -> Cumple | R134: =+O134*95% -> 47500 | S134: =+$F$4*$S$3 -> 50000 | T134: =+VLOOKUP(C134,Indicadores!B:V,21,FALSE) -> 1 | U134: =IF(T134>=100%,"Cumple","No Cumple") -> Cumple | V134: =IF(T134=100%,S134,0) -> 50000 | W134: =IF(AND(G134>=95%,I134>=95%),"SI","NO") -> NO | X134: =+IF(W134="SI",N134+R134+V134,0) -> 0
B135: REGIONAL BOGOTA | C135: SOC_8 | D135: ANYI MAYERLIE ORJUELA | E135: PIÑEROS MONTAÑA LAURA ESTEPHANIA | F135: =+$F$4 -> 250000 | G135: =+VLOOKUP(C135,Indicadores!B:C,2,FALSE) -> 0.74747273 | H135: =IF(G135>=95%,"Cumple","No Cumple") -> No Cumple | I135: =+VLOOKUP(C135,Indicadores!B:F,5,FALSE) -> 0.9375 | J135: =IF(I135>=95%,"Cumple","No Cumple") -> No Cumple | K135: =+$F$4*$K$3 -> 150000 | L135: =+VLOOKUP(C135,Indicadores!B:P,15,FALSE) -> 0.50306667 | M135: =IF(L135>=80%,"Cumple","No Cumple") -> No Cumple | N135: =IF(L135=80%,K135*70%,IF(AND(L135>=81%,L135<=90%),K135*80%,IF(AND(L135>=91%,L135<=95%),K135*90%,IF(L135=96%,K135*96%,IF(L135=97%,K135*97%,IF(L135=98%,K135*98%,IF(L135=99%,K135*99%,IF(L135=100%,K135,0)))))))) -> 0 | O135: =+$F$4*$O$3 -> 50000 | P135: 0.95 | Q135: =IF(P135>=80%,"Cumple","No Cumple") -> Cumple | R135: =+O135*95% -> 47500 | S135: =+$F$4*$S$3 -> 50000 | T135: =+VLOOKUP(C135,Indicadores!B:V,21,FALSE) -> 0.9899 | U135: =IF(T135>=100%,"Cumple","No Cumple") -> No Cumple | V135: =IF(T135=100%,S135,0) -> 0 | W135: =IF(AND(G135>=95%,I135>=95%),"SI","NO") -> NO | X135: =+IF(W135="SI",N135+R135+V135,0) -> 0
B136: REGIONAL BOGOTA | C136: SOC_9 | D136: ANYI MAYERLIE ORJUELA | E136: PIÑEROS MONTAÑA LAURA ESTEPHANIA | F136: =+$F$4 -> 250000 | G136: =+VLOOKUP(C136,Indicadores!B:C,2,FALSE) -> 0.87151818 | H136: =IF(G136>=95%,"Cumple","No Cumple") -> No Cumple | I136: =+VLOOKUP(C136,Indicadores!B:F,5,FALSE) -> 1 | J136: =IF(I136>=95%,"Cumple","No Cumple") -> Cumple | K136: =+$F$4*$K$3 -> 150000 | L136: =+VLOOKUP(C136,Indicadores!B:P,15,FALSE) -> 0.95853333 | M136: =IF(L136>=80%,"Cumple","No Cumple") -> Cumple | N136: =IF(L136=80%,K136*70%,IF(AND(L136>=81%,L136<=90%),K136*80%,IF(AND(L136>=91%,L136<=95%),K136*90%,IF(L136=96%,K136*96%,IF(L136=97%,K136*97%,IF(L136=98%,K136*98%,IF(L136=99%,K136*99%,IF(L136=100%,K136,0)))))))) -> 0 | O136: =+$F$4*$O$3 -> 50000 | P136: 0.95 | Q136: =IF(P136>=80%,"Cumple","No Cumple") -> Cumple | R136: =+O136*95% -> 47500 | S136: =+$F$4*$S$3 -> 50000 | T136: =+VLOOKUP(C136,Indicadores!B:V,21,FALSE) -> 1 | U136: =IF(T136>=100%,"Cumple","No Cumple") -> Cumple | V136: =IF(T136=100%,S136,0) -> 50000 | W136: =IF(AND(G136>=95%,I136>=95%),"SI","NO") -> NO | X136: =+IF(W136="SI",N136+R136+V136,0) -> 0
B137: REGIONAL ESTE | C137: BARRANCABERMEJA_1 | D137: MONICA GIRALDO HERNANDEZ | E137: SÁNCHEZ ZAMBRANO LEIDY NICOLE VANESSA | F137: =+$F$4 -> 250000 | G137: =+VLOOKUP(C137,Indicadores!B:C,2,FALSE) -> 0.81480909 | H137: =IF(G137>=95%,"Cumple","No Cumple") -> No Cumple | I137: =+VLOOKUP(C137,Indicadores!B:F,5,FALSE) -> 1 | J137: =IF(I137>=95%,"Cumple","No Cumple") -> Cumple | K137: =+$F$4*$K$3 -> 150000 | L137: =+VLOOKUP(C137,Indicadores!B:P,15,FALSE) -> 0.53613333 | M137: =IF(L137>=80%,"Cumple","No Cumple") -> No Cumple | N137: =IF(L137=80%,K137*70%,IF(AND(L137>=81%,L137<=90%),K137*80%,IF(AND(L137>=91%,L137<=95%),K137*90%,IF(L137=96%,K137*96%,IF(L137=97%,K137*97%,IF(L137=98%,K137*98%,IF(L137=99%,K137*99%,IF(L137=100%,K137,0)))))))) -> 0 | O137: =+$F$4*$O$3 -> 50000 | P137: 0.95 | Q137: =IF(P137>=80%,"Cumple","No Cumple") -> Cumple | R137: =+O137*95% -> 47500 | S137: =+$F$4*$S$3 -> 50000 | T137: =+VLOOKUP(C137,Indicadores!B:V,21,FALSE) -> 0.5 | U137: =IF(T137>=100%,"Cumple","No Cumple") -> No Cumple | V137: =IF(T137=100%,S137,0) -> 0 | W137: =IF(AND(G137>=95%,I137>=95%),"SI","NO") -> NO | X137: =+IF(W137="SI",N137+R137+V137,0) -> 0
B138: REGIONAL ESTE | C138: BARRANCABERMEJA_2 | D138: MONICA GIRALDO HERNANDEZ | E138: SÁNCHEZ ZAMBRANO LEIDY NICOLE VANESSA | F138: =+$F$4 -> 250000 | G138: =+VLOOKUP(C138,Indicadores!B:C,2,FALSE) -> 0.75973636 | H138: =IF(G138>=95%,"Cumple","No Cumple") -> No Cumple | I138: =+VLOOKUP(C138,Indicadores!B:F,5,FALSE) -> 1 | J138: =IF(I138>=95%,"Cumple","No Cumple") -> Cumple | K138: =+$F$4*$K$3 -> 150000 | L138: =+VLOOKUP(C138,Indicadores!B:P,15,FALSE) -> 0.70236667 | M138: =IF(L138>=80%,"Cumple","No Cumple") -> No Cumple | N138: =IF(L138=80%,K138*70%,IF(AND(L138>=81%,L138<=90%),K138*80%,IF(AND(L138>=91%,L138<=95%),K138*90%,IF(L138=96%,K138*96%,IF(L138=97%,K138*97%,IF(L138=98%,K138*98%,IF(L138=99%,K138*99%,IF(L138=100%,K138,0)))))))) -> 0 | O138: =+$F$4*$O$3 -> 50000 | P138: 0.95 | Q138: =IF(P138>=80%,"Cumple","No Cumple") -> Cumple | R138: =+O138*95% -> 47500 | S138: =+$F$4*$S$3 -> 50000 | T138: =+VLOOKUP(C138,Indicadores!B:V,21,FALSE) -> 1 | U138: =IF(T138>=100%,"Cumple","No Cumple") -> Cumple | V138: =IF(T138=100%,S138,0) -> 50000 | W138: =IF(AND(G138>=95%,I138>=95%),"SI","NO") -> NO | X138: =+IF(W138="SI",N138+R138+V138,0) -> 0
B139: REGIONAL ESTE | C139: BUCARAMANGA_1 | D139: MONICA GIRALDO HERNANDEZ | E139: SÁNCHEZ ZAMBRANO LEIDY NICOLE VANESSA | F139: =+$F$4 -> 250000 | G139: =+VLOOKUP(C139,Indicadores!B:C,2,FALSE) -> 0.76018182 | H139: =IF(G139>=95%,"Cumple","No Cumple") -> No Cumple | I139: 1 | J139: =IF(I139>=95%,"Cumple","No Cumple") -> Cumple | K139: =+$F$4*$K$3 -> 150000 | L139: =+VLOOKUP(C139,Indicadores!B:P,15,FALSE) -> 0.58906667 | M139: =IF(L139>=80%,"Cumple","No Cumple") -> No Cumple | N139: =IF(L139=80%,K139*70%,IF(AND(L139>=81%,L139<=90%),K139*80%,IF(AND(L139>=91%,L139<=95%),K139*90%,IF(L139=96%,K139*96%,IF(L139=97%,K139*97%,IF(L139=98%,K139*98%,IF(L139=99%,K139*99%,IF(L139=100%,K139,0)))))))) -> 0 | O139: =+$F$4*$O$3 -> 50000 | P139: 0.95 | Q139: =IF(P139>=80%,"Cumple","No Cumple") -> Cumple | R139: =+O139*95% -> 47500 | S139: =+$F$4*$S$3 -> 50000 | T139: =+VLOOKUP(C139,Indicadores!B:V,21,FALSE) -> 1 | U139: =IF(T139>=100%,"Cumple","No Cumple") -> Cumple | V139: =IF(T139=100%,S139,0) -> 50000 | W139: =IF(AND(G139>=95%,I139>=95%),"SI","NO") -> NO | X139: =+IF(W139="SI",N139+R139+V139,0) -> 0
B140: REGIONAL ESTE | C140: BUCARAMANGA_2 | D140: MONICA GIRALDO HERNANDEZ | E140: SÁNCHEZ ZAMBRANO LEIDY NICOLE VANESSA | F140: =+$F$4 -> 250000 | G140: =+VLOOKUP(C140,Indicadores!B:C,2,FALSE) -> 0.7815 | H140: =IF(G140>=95%,"Cumple","No Cumple") -> No Cumple | I140: =+VLOOKUP(C140,Indicadores!B:F,5,FALSE) -> 1 | J140: =IF(I140>=95%,"Cumple","No Cumple") -> Cumple | K140: =+$F$4*$K$3 -> 150000 | L140: =+VLOOKUP(C140,Indicadores!B:P,15,FALSE) -> 0.7152 | M140: =IF(L140>=80%,"Cumple","No Cumple") -> No Cumple | N140: =IF(L140=80%,K140*70%,IF(AND(L140>=81%,L140<=90%),K140*80%,IF(AND(L140>=91%,L140<=95%),K140*90%,IF(L140=96%,K140*96%,IF(L140=97%,K140*97%,IF(L140=98%,K140*98%,IF(L140=99%,K140*99%,IF(L140=100%,K140,0)))))))) -> 0 | O140: =+$F$4*$O$3 -> 50000 | P140: 0.95 | Q140: =IF(P140>=80%,"Cumple","No Cumple") -> Cumple | R140: =+O140*95% -> 47500 | S140: =+$F$4*$S$3 -> 50000 | T140: =+VLOOKUP(C140,Indicadores!B:V,21,FALSE) -> 0.5 | U140: =IF(T140>=100%,"Cumple","No Cumple") -> No Cumple | V140: =IF(T140=100%,S140,0) -> 0 | W140: =IF(AND(G140>=95%,I140>=95%),"SI","NO") -> NO | X140: =+IF(W140="SI",N140+R140+V140,0) -> 0
B141: REGIONAL ESTE | C141: BUCARAMANGA_3 | D141: MONICA GIRALDO HERNANDEZ | E141: SÁNCHEZ ZAMBRANO LEIDY NICOLE VANESSA | F141: =+$F$4 -> 250000 | G141: =+VLOOKUP(C141,Indicadores!B:C,2,FALSE) -> 0.76564545 | H141: =IF(G141>=95%,"Cumple","No Cumple") -> No Cumple | I141: =+VLOOKUP(C141,Indicadores!B:F,5,FALSE) -> 1 | J141: =IF(I141>=95%,"Cumple","No Cumple") -> Cumple | K141: =+$F$4*$K$3 -> 150000 | L141: =+VLOOKUP(C141,Indicadores!B:P,15,FALSE) -> 0.40506667 | M141: =IF(L141>=80%,"Cumple","No Cumple") -> No Cumple | N141: =IF(L141=80%,K141*70%,IF(AND(L141>=81%,L141<=90%),K141*80%,IF(AND(L141>=91%,L141<=95%),K141*90%,IF(L141=96%,K141*96%,IF(L141=97%,K141*97%,IF(L141=98%,K141*98%,IF(L141=99%,K141*99%,IF(L141=100%,K141,0)))))))) -> 0 | O141: =+$F$4*$O$3 -> 50000 | P141: 0.95 | Q141: =IF(P141>=80%,"Cumple","No Cumple") -> Cumple | R141: =+O141*95% -> 47500 | S141: =+$F$4*$S$3 -> 50000 | T141: =+VLOOKUP(C141,Indicadores!B:V,21,FALSE) -> 0.9844 | U141: =IF(T141>=100%,"Cumple","No Cumple") -> No Cumple | V141: =IF(T141=100%,S141,0) -> 0 | W141: =IF(AND(G141>=95%,I141>=95%),"SI","NO") -> NO | X141: =+IF(W141="SI",N141+R141+V141,0) -> 0
B142: REGIONAL ESTE | C142: BUCARAMANGA_4 | D142: MONICA GIRALDO HERNANDEZ | E142: SÁNCHEZ ZAMBRANO LEIDY NICOLE VANESSA | F142: =+$F$4 -> 250000 | G142: =+VLOOKUP(C142,Indicadores!B:C,2,FALSE) -> 0.74878182 | H142: =IF(G142>=95%,"Cumple","No Cumple") -> No Cumple | I142: =+VLOOKUP(C142,Indicadores!B:F,5,FALSE) -> 1 | J142: =IF(I142>=95%,"Cumple","No Cumple") -> Cumple | K142: =+$F$4*$K$3 -> 150000 | L142: =+VLOOKUP(C142,Indicadores!B:P,15,FALSE) -> 0.39303333 | M142: =IF(L142>=80%,"Cumple","No Cumple") -> No Cumple | N142: =IF(L142=80%,K142*70%,IF(AND(L142>=81%,L142<=90%),K142*80%,IF(AND(L142>=91%,L142<=95%),K142*90%,IF(L142=96%,K142*96%,IF(L142=97%,K142*97%,IF(L142=98%,K142*98%,IF(L142=99%,K142*99%,IF(L142=100%,K142,0)))))))) -> 0 | O142: =+$F$4*$O$3 -> 50000 | P142: 0.95 | Q142: =IF(P142>=80%,"Cumple","No Cumple") -> Cumple | R142: =+O142*95% -> 47500 | S142: =+$F$4*$S$3 -> 50000 | T142: =+VLOOKUP(C142,Indicadores!B:V,21,FALSE) -> 0.9868 | U142: =IF(T142>=100%,"Cumple","No Cumple") -> No Cumple | V142: =IF(T142=100%,S142,0) -> 0 | W142: =IF(AND(G142>=95%,I142>=95%),"SI","NO") -> NO | X142: =+IF(W142="SI",N142+R142+V142,0) -> 0
B143: REGIONAL ESTE | C143: BUCARAMANGA_5 | D143: MONICA GIRALDO HERNANDEZ | E143: SÁNCHEZ ZAMBRANO LEIDY NICOLE VANESSA | F143: =+$F$4 -> 250000 | G143: =+VLOOKUP(C143,Indicadores!B:C,2,FALSE) -> 0.76468182 | H143: =IF(G143>=95%,"Cumple","No Cumple") -> No Cumple | I143: =+VLOOKUP(C143,Indicadores!B:F,5,FALSE) -> 0.93333333 | J143: =IF(I143>=95%,"Cumple","No Cumple") -> No Cumple | K143: =+$F$4*$K$3 -> 150000 | L143: =+VLOOKUP(C143,Indicadores!B:P,15,FALSE) -> 0.6959 | M143: =IF(L143>=80%,"Cumple","No Cumple") -> No Cumple | N143: =IF(L143=80%,K143*70%,IF(AND(L143>=81%,L143<=90%),K143*80%,IF(AND(L143>=91%,L143<=95%),K143*90%,IF(L143=96%,K143*96%,IF(L143=97%,K143*97%,IF(L143=98%,K143*98%,IF(L143=99%,K143*99%,IF(L143=100%,K143,0)))))))) -> 0 | O143: =+$F$4*$O$3 -> 50000 | P143: 0.95 | Q143: =IF(P143>=80%,"Cumple","No Cumple") -> Cumple | R143: =+O143*95% -> 47500 | S143: =+$F$4*$S$3 -> 50000 | T143: =+VLOOKUP(C143,Indicadores!B:V,21,FALSE) -> 0.4941 | U143: =IF(T143>=100%,"Cumple","No Cumple") -> No Cumple | V143: =IF(T143=100%,S143,0) -> 0 | W143: =IF(AND(G143>=95%,I143>=95%),"SI","NO") -> NO | X143: =+IF(W143="SI",N143+R143+V143,0) -> 0
B144: REGIONAL ESTE | C144: BUCARAMANGA_6 | D144: MONICA GIRALDO HERNANDEZ | E144: SÁNCHEZ ZAMBRANO LEIDY NICOLE VANESSA | F144: =+$F$4 -> 250000 | G144: =+VLOOKUP(C144,Indicadores!B:C,2,FALSE) -> 0.77224545 | H144: =IF(G144>=95%,"Cumple","No Cumple") -> No Cumple | I144: =+VLOOKUP(C144,Indicadores!B:F,5,FALSE) -> 1 | J144: =IF(I144>=95%,"Cumple","No Cumple") -> Cumple | K144: =+$F$4*$K$3 -> 150000 | L144: =+VLOOKUP(C144,Indicadores!B:P,15,FALSE) -> 0.6622 | M144: =IF(L144>=80%,"Cumple","No Cumple") -> No Cumple | N144: =IF(L144=80%,K144*70%,IF(AND(L144>=81%,L144<=90%),K144*80%,IF(AND(L144>=91%,L144<=95%),K144*90%,IF(L144=96%,K144*96%,IF(L144=97%,K144*97%,IF(L144=98%,K144*98%,IF(L144=99%,K144*99%,IF(L144=100%,K144,0)))))))) -> 0 | O144: =+$F$4*$O$3 -> 50000 | P144: 0.95 | Q144: =IF(P144>=80%,"Cumple","No Cumple") -> Cumple | R144: =+O144*95% -> 47500 | S144: =+$F$4*$S$3 -> 50000 | T144: =+VLOOKUP(C144,Indicadores!B:V,21,FALSE) -> 0.5 | U144: =IF(T144>=100%,"Cumple","No Cumple") -> No Cumple | V144: =IF(T144=100%,S144,0) -> 0 | W144: =IF(AND(G144>=95%,I144>=95%),"SI","NO") -> NO | X144: =+IF(W144="SI",N144+R144+V144,0) -> 0
B145: REGIONAL ESTE | C145: BUCARAMANGA_7 | D145: MONICA GIRALDO HERNANDEZ | E145: SÁNCHEZ ZAMBRANO LEIDY NICOLE VANESSA | F145: =+$F$4 -> 250000 | G145: =+VLOOKUP(C145,Indicadores!B:C,2,FALSE) -> 0.77765455 | H145: =IF(G145>=95%,"Cumple","No Cumple") -> No Cumple | I145: =+VLOOKUP(C145,Indicadores!B:F,5,FALSE) -> 0.90909091 | J145: =IF(I145>=95%,"Cumple","No Cumple") -> No Cumple | K145: =+$F$4*$K$3 -> 150000 | L145: =+VLOOKUP(C145,Indicadores!B:P,15,FALSE) -> 0.58106667 | M145: =IF(L145>=80%,"Cumple","No Cumple") -> No Cumple | N145: =IF(L145=80%,K145*70%,IF(AND(L145>=81%,L145<=90%),K145*80%,IF(AND(L145>=91%,L145<=95%),K145*90%,IF(L145=96%,K145*96%,IF(L145=97%,K145*97%,IF(L145=98%,K145*98%,IF(L145=99%,K145*99%,IF(L145=100%,K145,0)))))))) -> 0 | O145: =+$F$4*$O$3 -> 50000 | P145: 0.95 | Q145: =IF(P145>=80%,"Cumple","No Cumple") -> Cumple | R145: =+O145*95% -> 47500 | S145: =+$F$4*$S$3 -> 50000 | T145: =+VLOOKUP(C145,Indicadores!B:V,21,FALSE) -> 1 | U145: =IF(T145>=100%,"Cumple","No Cumple") -> Cumple | V145: =IF(T145=100%,S145,0) -> 50000 | W145: =IF(AND(G145>=95%,I145>=95%),"SI","NO") -> NO | X145: =+IF(W145="SI",N145+R145+V145,0) -> 0
B146: REGIONAL ESTE | C146: BUCARAMANGA_8 | D146: MONICA GIRALDO HERNANDEZ | E146: SÁNCHEZ ZAMBRANO LEIDY NICOLE VANESSA | F146: =+$F$4 -> 250000 | G146: =+VLOOKUP(C146,Indicadores!B:C,2,FALSE) -> 0.8004 | H146: =IF(G146>=95%,"Cumple","No Cumple") -> No Cumple | I146: =+VLOOKUP(C146,Indicadores!B:F,5,FALSE) -> 1 | J146: =IF(I146>=95%,"Cumple","No Cumple") -> Cumple | K146: =+$F$4*$K$3 -> 150000 | L146: =+VLOOKUP(C146,Indicadores!B:P,15,FALSE) -> 0.71376667 | M146: =IF(L146>=80%,"Cumple","No Cumple") -> No Cumple | N146: =IF(L146=80%,K146*70%,IF(AND(L146>=81%,L146<=90%),K146*80%,IF(AND(L146>=91%,L146<=95%),K146*90%,IF(L146=96%,K146*96%,IF(L146=97%,K146*97%,IF(L146=98%,K146*98%,IF(L146=99%,K146*99%,IF(L146=100%,K146,0)))))))) -> 0 | O146: =+$F$4*$O$3 -> 50000 | P146: 0.95 | Q146: =IF(P146>=80%,"Cumple","No Cumple") -> Cumple | R146: =+O146*95% -> 47500 | S146: =+$F$4*$S$3 -> 50000 | T146: =+VLOOKUP(C146,Indicadores!B:V,21,FALSE) -> 0.5 | U146: =IF(T146>=100%,"Cumple","No Cumple") -> No Cumple | V146: =IF(T146=100%,S146,0) -> 0 | W146: =IF(AND(G146>=95%,I146>=95%),"SI","NO") -> NO | X146: =+IF(W146="SI",N146+R146+V146,0) -> 0
B147: REGIONAL ESTE | C147: BUCARAMANGA_9 | D147: MONICA GIRALDO HERNANDEZ | E147: SÁNCHEZ ZAMBRANO LEIDY NICOLE VANESSA | F147: =+$F$4 -> 250000 | G147: =+VLOOKUP(C147,Indicadores!B:C,2,FALSE) -> 0.8543 | H147: =IF(G147>=95%,"Cumple","No Cumple") -> No Cumple | I147: =+VLOOKUP(C147,Indicadores!B:F,5,FALSE) -> 1 | J147: =IF(I147>=95%,"Cumple","No Cumple") -> Cumple | K147: =+$F$4*$K$3 -> 150000 | L147: =+VLOOKUP(C147,Indicadores!B:P,15,FALSE) -> 0.76056667 | M147: =IF(L147>=80%,"Cumple","No Cumple") -> No Cumple | N147: =IF(L147=80%,K147*70%,IF(AND(L147>=81%,L147<=90%),K147*80%,IF(AND(L147>=91%,L147<=95%),K147*90%,IF(L147=96%,K147*96%,IF(L147=97%,K147*97%,IF(L147=98%,K147*98%,IF(L147=99%,K147*99%,IF(L147=100%,K147,0)))))))) -> 0 | O147: =+$F$4*$O$3 -> 50000 | P147: 0.95 | Q147: =IF(P147>=80%,"Cumple","No Cumple") -> Cumple | R147: =+O147*95% -> 47500 | S147: =+$F$4*$S$3 -> 50000 | T147: =+VLOOKUP(C147,Indicadores!B:V,21,FALSE) -> 0.5 | U147: =IF(T147>=100%,"Cumple","No Cumple") -> No Cumple | V147: =IF(T147=100%,S147,0) -> 0 | W147: =IF(AND(G147>=95%,I147>=95%),"SI","NO") -> NO | X147: =+IF(W147="SI",N147+R147+V147,0) -> 0
B148: REGIONAL ESTE | C148: CUCUTA_1 | D148: MONICA GIRALDO HERNANDEZ | E148: SÁNCHEZ ZAMBRANO LEIDY NICOLE VANESSA | F148: =+$F$4 -> 250000 | G148: =+VLOOKUP(C148,Indicadores!B:C,2,FALSE) -> 0.77709091 | H148: =IF(G148>=95%,"Cumple","No Cumple") -> No Cumple | I148: =+VLOOKUP(C148,Indicadores!B:F,5,FALSE) -> 0.9375 | J148: =IF(I148>=95%,"Cumple","No Cumple") -> No Cumple | K148: =+$F$4*$K$3 -> 150000 | L148: =+VLOOKUP(C148,Indicadores!B:P,15,FALSE) -> 0.73396667 | M148: =IF(L148>=80%,"Cumple","No Cumple") -> No Cumple | N148: =IF(L148=80%,K148*70%,IF(AND(L148>=81%,L148<=90%),K148*80%,IF(AND(L148>=91%,L148<=95%),K148*90%,IF(L148=96%,K148*96%,IF(L148=97%,K148*97%,IF(L148=98%,K148*98%,IF(L148=99%,K148*99%,IF(L148=100%,K148,0)))))))) -> 0 | O148: =+$F$4*$O$3 -> 50000 | P148: 0.95 | Q148: =IF(P148>=80%,"Cumple","No Cumple") -> Cumple | R148: =+O148*95% -> 47500 | S148: =+$F$4*$S$3 -> 50000 | T148: =+VLOOKUP(C148,Indicadores!B:V,21,FALSE) -> 0.5 | U148: =IF(T148>=100%,"Cumple","No Cumple") -> No Cumple | V148: =IF(T148=100%,S148,0) -> 0 | W148: =IF(AND(G148>=95%,I148>=95%),"SI","NO") -> NO | X148: =+IF(W148="SI",N148+R148+V148,0) -> 0
B149: REGIONAL ESTE | C149: CUCUTA_2 | D149: MONICA GIRALDO HERNANDEZ | E149: SÁNCHEZ ZAMBRANO LEIDY NICOLE VANESSA | F149: =+$F$4 -> 250000 | G149: =+VLOOKUP(C149,Indicadores!B:C,2,FALSE) -> 0.8115 | H149: =IF(G149>=95%,"Cumple","No Cumple") -> No Cumple | I149: =+VLOOKUP(C149,Indicadores!B:F,5,FALSE) -> 1 | J149: =IF(I149>=95%,"Cumple","No Cumple") -> Cumple | K149: =+$F$4*$K$3 -> 150000 | L149: =+VLOOKUP(C149,Indicadores!B:P,15,FALSE) -> 0.7549 | M149: =IF(L149>=80%,"Cumple","No Cumple") -> No Cumple | N149: =IF(L149=80%,K149*70%,IF(AND(L149>=81%,L149<=90%),K149*80%,IF(AND(L149>=91%,L149<=95%),K149*90%,IF(L149=96%,K149*96%,IF(L149=97%,K149*97%,IF(L149=98%,K149*98%,IF(L149=99%,K149*99%,IF(L149=100%,K149,0)))))))) -> 0 | O149: =+$F$4*$O$3 -> 50000 | P149: 0.95 | Q149: =IF(P149>=80%,"Cumple","No Cumple") -> Cumple | R149: =+O149*95% -> 47500 | S149: =+$F$4*$S$3 -> 50000 | T149: =+VLOOKUP(C149,Indicadores!B:V,21,FALSE) -> 0.5 | U149: =IF(T149>=100%,"Cumple","No Cumple") -> No Cumple | V149: =IF(T149=100%,S149,0) -> 0 | W149: =IF(AND(G149>=95%,I149>=95%),"SI","NO") -> NO | X149: =+IF(W149="SI",N149+R149+V149,0) -> 0
B150: REGIONAL ESTE | C150: CUCUTA_3 | D150: MONICA GIRALDO HERNANDEZ | E150: SÁNCHEZ ZAMBRANO LEIDY NICOLE VANESSA | F150: =+$F$4 -> 250000 | G150: =+VLOOKUP(C150,Indicadores!B:C,2,FALSE) -> 0.81819091 | H150: =IF(G150>=95%,"Cumple","No Cumple") -> No Cumple | I150: =+VLOOKUP(C150,Indicadores!B:F,5,FALSE) -> 0.89473684 | J150: =IF(I150>=95%,"Cumple","No Cumple") -> No Cumple | K150: =+$F$4*$K$3 -> 150000 | L150: =+VLOOKUP(C150,Indicadores!B:P,15,FALSE) -> 0.72226667 | M150: =IF(L150>=80%,"Cumple","No Cumple") -> No Cumple | N150: =IF(L150=80%,K150*70%,IF(AND(L150>=81%,L150<=90%),K150*80%,IF(AND(L150>=91%,L150<=95%),K150*90%,IF(L150=96%,K150*96%,IF(L150=97%,K150*97%,IF(L150=98%,K150*98%,IF(L150=99%,K150*99%,IF(L150=100%,K150,0)))))))) -> 0 | O150: =+$F$4*$O$3 -> 50000 | P150: 0.95 | Q150: =IF(P150>=80%,"Cumple","No Cumple") -> Cumple | R150: =+O150*95% -> 47500 | S150: =+$F$4*$S$3 -> 50000 | T150: =+VLOOKUP(C150,Indicadores!B:V,21,FALSE) -> 1 | U150: =IF(T150>=100%,"Cumple","No Cumple") -> Cumple | V150: =IF(T150=100%,S150,0) -> 50000 | W150: =IF(AND(G150>=95%,I150>=95%),"SI","NO") -> NO | X150: =+IF(W150="SI",N150+R150+V150,0) -> 0
B151: REGIONAL ESTE | C151: CUCUTA_4 | D151: MONICA GIRALDO HERNANDEZ | E151: SÁNCHEZ ZAMBRANO LEIDY NICOLE VANESSA | F151: =+$F$4 -> 250000 | G151: =+VLOOKUP(C151,Indicadores!B:C,2,FALSE) -> 0.7707 | H151: =IF(G151>=95%,"Cumple","No Cumple") -> No Cumple | I151: =+VLOOKUP(C151,Indicadores!B:F,5,FALSE) -> 0.83333333 | J151: =IF(I151>=95%,"Cumple","No Cumple") -> No Cumple | K151: =+$F$4*$K$3 -> 150000 | L151: =+VLOOKUP(C151,Indicadores!B:P,15,FALSE) -> 0.63033333 | M151: =IF(L151>=80%,"Cumple","No Cumple") -> No Cumple | N151: =IF(L151=80%,K151*70%,IF(AND(L151>=81%,L151<=90%),K151*80%,IF(AND(L151>=91%,L151<=95%),K151*90%,IF(L151=96%,K151*96%,IF(L151=97%,K151*97%,IF(L151=98%,K151*98%,IF(L151=99%,K151*99%,IF(L151=100%,K151,0)))))))) -> 0 | O151: =+$F$4*$O$3 -> 50000 | P151: 0.95 | Q151: =IF(P151>=80%,"Cumple","No Cumple") -> Cumple | R151: =+O151*95% -> 47500 | S151: =+$F$4*$S$3 -> 50000 | T151: =+VLOOKUP(C151,Indicadores!B:V,21,FALSE) -> 0.5 | U151: =IF(T151>=100%,"Cumple","No Cumple") -> No Cumple | V151: =IF(T151=100%,S151,0) -> 0 | W151: =IF(AND(G151>=95%,I151>=95%),"SI","NO") -> NO | X151: =+IF(W151="SI",N151+R151+V151,0) -> 0
... B193: REGIONAL BOGOTA | C193: NTE_9 | D193: HECTOR MEDINA ROZO | E193: GIL MARTINEZ JENNIFER STEFANNIE | F193: =+$F$4 -> 250000 | G193: =+VLOOKUP(C193,Indicadores!B:C,2,FALSE) -> 0.78 | H193: =IF(G193>=95%,"Cumple","No Cumple") -> No Cumple | I193: =+VLOOKUP(C193,Indicadores!B:F,5,FALSE) -> 1 | J193: =IF(I193>=95%,"Cumple","No Cumple") -> Cumple | K193: =+$F$4*$K$3 -> 150000 | L193: =+VLOOKUP(C193,Indicadores!B:P,15,FALSE) -> 0.48666667 | M193: =IF(L193>=80%,"Cumple","No Cumple") -> No Cumple | N193: =IF(L193=80%,K193*70%,IF(AND(L193>=81%,L193<=90%),K193*80%,IF(AND(L193>=91%,L193<=95%),K193*90%,IF(L193=96%,K193*96%,IF(L193=97%,K193*97%,IF(L193=98%,K193*98%,IF(L193=99%,K193*99%,IF(L193=100%,K193,0)))))))) -> 0 | O193: =+$F$4*$O$3 -> 50000 | P193: 0.95 | Q193: =IF(P193>=80%,"Cumple","No Cumple") -> Cumple | R193: =+O193*95% -> 47500 | S193: =+$F$4*$S$3 -> 50000 | T193: =+VLOOKUP(C193,Indicadores!B:V,21,FALSE) -> 0.49 | U193: =IF(T193>=100%,"Cumple","No Cumple") -> No Cumple | V193: =IF(T193=100%,S193,0) -> 0 | W193: =IF(AND(G193>=95%,I193>=95%),"SI","NO") -> NO | X193: =+IF(W193="SI",N193+R193+V193,0) -> 0

Sheet Liq. Mercaderista 3ra Llave 70%
Z1: SI | AA1: =+COUNTIF(Z6:Z193,Z1) -> 169
B2: LLAVE DEL 70%
H3: LLAVE | L3: LLAVE | N3: 0.6 | R3: 0.2 | V3: 0.2
F4: 250000 | G4: CAPTURA DE INFORMACION | J4: COBERTURA | N4: TIENDA PERFECTA | R4: VENTAS | V4: DEVOLUCIONES & FECHAS CORTAS | AA4: =+SUBTOTAL(9,AA6:AA193) -> 23781000
B5: Regional | C5: RUTA | D5: Lider | E5: Supervisor | F5: Valor Comision Efectividad | G5: % Cumpl. Captura | H5: Categoria Efec 70% | I5: $ Liquidar | J5: Valor Comision Cobertura | K5: % Cumplimiento Cobertura | L5: Categoria Efec 70% | M5: $ Liquidar | N5: Valor Comision TP | O5: % Cumplimiento TP | P5: Categoria Efec >80% | Q5: $ Liquidar | R5: Valor Comision Ventas | S5: % Cumplimiento Ventas | T5: Categoria Efec | U5: $ Liquidar | V5: Valor Comision FC y Dev | W5: % Cumplimiento FC & DV | X5: Categoria Efec | Y5: $ Liquidar | Z5: Corresponde Comision | AA5: Valor total A Pagar Real | AB5: Observaciones
B6: REGIONAL BOGOTA | C6: CTR_1 | D6: ANYI MAYERLIE ORJUELA | E6: ADRIANA MARCELA DIAZ RICO | F6: =+$F$4*$G$3 -> 0 | G6: =+VLOOKUP(C6,Indicadores!B:C,2,FALSE) -> 0.8841 | H6: =IF(G6>=70%,"Cumple","No Cumple") -> Cumple | I6: =+IF(G6>=95%,F6*G6,0) -> 0 | J6: =+$F$4*$J$3 -> 0 | K6: =+VLOOKUP(C6,Indicadores!B:F,5,FALSE) -> 1 | L6: =IF(K6>=70%,"Cumple","No Cumple") -> Cumple | M6: =+IF(K6>=95%,J6*K6,0) -> 0 | N6: =+$F$4*$N$3 -> 150000 | O6: 0.98 | P6: =IF(O6>=80%,"Cumple","No Cumple") -> Cumple | Q6: =IF(O6=80%,N6*70%,IF(AND(O6>=81%,O6<=90%),N6*80%,IF(AND(O6>=91%,O6<=95%),N6*90%,IF(O6=96%,N6*96%,IF(O6=97%,N6*97%,IF(O6=98%,N6*98%,IF(O6=99%,N6*99%,IF(O6=100%,N6,0)))))))) -> 147000 | R6: =+$F$4*$R$3 -> 50000 | S6: =+VLOOKUP(C6,Indicadores!B:Q,15,FALSE) -> 0.86933333 | T6: =IF(S6>=80%,"Cumple","No Cumple") -> Cumple | U6: =IF(S6=80%,R6*70%,IF(AND(S6>=81%,S6<=90%),R6*80%,IF(AND(S6>=91%,S6<=95%),R6*90%,IF(S6=96%,R6*96%,IF(S6=97%,R6*97%,IF(S6=98%,R6*98%,IF(S6=99%,R6*99%,IF(S6=100%,R6,0)))))))) -> 40000 | V6: =+$F$4*$V$3 -> 50000 | W6: =+VLOOKUP(C6,Indicadores!B:V,21,FALSE) -> 0.489 | X6: =IF(W6>=100%,"Cumple","No Cumple") -> No Cumple | Y6: =IF(W6=100%,V6,0) -> 0 | Z6: =IF(AND(G6>=70%,K6>=70%),"SI","NO") -> SI | AA6: =+IF(Z6="SI",Q6+U6+Y6,0) -> 187000
B7: REGIONAL BOGOTA | C7: CTR_10 | D7: ANYI MAYERLIE ORJUELA | E7: ADRIANA MARCELA DIAZ RICO | F7: =+$F$4*$G$3 -> 0 | G7: =+VLOOKUP(C7,Indicadores!B:C,2,FALSE) -> 0.7519 | H7: =IF(G7>=70%,"Cumple","No Cumple") -> Cumple | I7: =+IF(G7>=95%,F7*G7,0) -> 0 | J7: =+$F$4*$J$3 -> 0 | K7: =+VLOOKUP(C7,Indicadores!B:F,5,FALSE) -> 1 | L7: =IF(K7>=70%,"Cumple","No Cumple") -> Cumple | M7: =+IF(K7>=95%,J7*K7,0) -> 0 | N7: =+$F$4*$N$3 -> 150000 | O7: =+VLOOKUP(C7,Indicadores!B:P,14,FALSE) -> 1 | P7: =IF(O7>=80%,"Cumple","No Cumple") -> Cumple | Q7: =IF(O7=80%,N7*70%,IF(AND(O7>=81%,O7<=90%),N7*80%,IF(AND(O7>=91%,O7<=95%),N7*90%,IF(O7=96%,N7*96%,IF(O7=97%,N7*97%,IF(O7=98%,N7*98%,IF(O7=99%,N7*99%,IF(O7=100%,N7,0)))))))) -> 150000 | R7: =+$F$4*$R$3 -> 50000 | S7: =+VLOOKUP(C7,Indicadores!B:Q,15,FALSE) -> 0.40476667 | T7: =IF(S7>=80%,"Cumple","No Cumple") -> No Cumple | U7: =IF(S7=80%,R7*70%,IF(AND(S7>=81%,S7<=90%),R7*80%,IF(AND(S7>=91%,S7<=95%),R7*90%,IF(S7=96%,R7*96%,IF(S7=97%,R7*97%,IF(S7=98%,R7*98%,IF(S7=99%,R7*99%,IF(S7=100%,R7,0)))))))) -> 0 | V7: =+$F$4*$V$3 -> 50000 | W7: =+VLOOKUP(C7,Indicadores!B:V,21,FALSE) -> 1 | X7: =IF(W7>=100%,"Cumple","No Cumple") -> Cumple | Y7: =IF(W7=100%,V7,0) -> 50000 | Z7: =IF(AND(G7>=70%,K7>=70%),"SI","NO") -> SI | AA7: =+IF(Z7="SI",Q7+U7+Y7,0) -> 200000
B8: REGIONAL BOGOTA | C8: CTR_11 | D8: ANYI MAYERLIE ORJUELA | E8: ADRIANA MARCELA DIAZ RICO | F8: =+$F$4*$G$3 -> 0 | G8: =+VLOOKUP(C8,Indicadores!B:C,2,FALSE) -> 0.75821818 | H8: =IF(G8>=70%,"Cumple","No Cumple") -> Cumple | I8: =+IF(G8>=95%,F8*G8,0) -> 0 | J8: =+$F$4*$J$3 -> 0 | K8: =+VLOOKUP(C8,Indicadores!B:F,5,FALSE) -> 0.44444444 | L8: =IF(K8>=70%,"Cumple","No Cumple") -> No Cumple | M8: =+IF(K8>=95%,J8*K8,0) -> 0 | N8: =+$F$4*$N$3 -> 150000 | O8: 0.99 | P8: =IF(O8>=80%,"Cumple","No Cumple") -> Cumple | Q8: =IF(O8=80%,N8*70%,IF(AND(O8>=81%,O8<=90%),N8*80%,IF(AND(O8>=91%,O8<=95%),N8*90%,IF(O8=96%,N8*96%,IF(O8=97%,N8*97%,IF(O8=98%,N8*98%,IF(O8=99%,N8*99%,IF(O8=100%,N8,0)))))))) -> 148500 | R8: =+$F$4*$R$3 -> 50000 | S8: =+VLOOKUP(C8,Indicadores!B:Q,15,FALSE) -> 0.39656667 | T8: =IF(S8>=80%,"Cumple","No Cumple") -> No Cumple | U8: =IF(S8=80%,R8*70%,IF(AND(S8>=81%,S8<=90%),R8*80%,IF(AND(S8>=91%,S8<=95%),R8*90%,IF(S8=96%,R8*96%,IF(S8=97%,R8*97%,IF(S8=98%,R8*98%,IF(S8=99%,R8*99%,IF(S8=100%,R8,0)))))))) -> 0 | V8: =+$F$4*$V$3 -> 50000 | W8: =+VLOOKUP(C8,Indicadores!B:V,21,FALSE) -> 0.48935 | X8: =IF(W8>=100%,"Cumple","No Cumple") -> No Cumple | Y8: =IF(W8=100%,V8,0) -> 0 | Z8: =IF(AND(G8>=70%,K8>=70%),"SI","NO") -> NO | AA8: =+IF(Z8="SI",Q8+U8+Y8,0) -> 0
B9: REGIONAL BOGOTA | C9: CTR_12 | D9: ANYI MAYERLIE ORJUELA | E9: ADRIANA MARCELA DIAZ RICO | F9: =+$F$4*$G$3 -> 0 | G9: =+VLOOKUP(C9,Indicadores!B:C,2,FALSE) -> 0.70937273 | H9: =IF(G9>=70%,"Cumple","No Cumple") -> Cumple | I9: =+IF(G9>=95%,F9*G9,0) -> 0 | J9: =+$F$4*$J$3 -> 0 | K9: =+VLOOKUP(C9,Indicadores!B:F,5,FALSE) -> 0.82608696 | L9: =IF(K9>=70%,"Cumple","No Cumple") -> Cumple | M9: =+IF(K9>=95%,J9*K9,0) -> 0 | N9: =+$F$4*$N$3 -> 150000 | O9: =+VLOOKUP(C9,Indicadores!B:P,14,FALSE) -> 0.9394 | P9: =IF(O9>=80%,"Cumple","No Cumple") -> Cumple | Q9: =IF(O9=80%,N9*70%,IF(AND(O9>=81%,O9<=90%),N9*80%,IF(AND(O9>=91%,O9<=95%),N9*90%,IF(O9=96%,N9*96%,IF(O9=97%,N9*97%,IF(O9=98%,N9*98%,IF(O9=99%,N9*99%,IF(O9=100%,N9,0)))))))) -> 135000 | R9: =+$F$4*$R$3 -> 50000 | S9: =+VLOOKUP(C9,Indicadores!B:Q,15,FALSE) -> 0.35353333 | T9: =IF(S9>=80%,"Cumple","No Cumple") -> No Cumple | U9: =IF(S9=80%,R9*70%,IF(AND(S9>=81%,S9<=90%),R9*80%,IF(AND(S9>=91%,S9<=95%),R9*90%,IF(S9=96%,R9*96%,IF(S9=97%,R9*97%,IF(S9=98%,R9*98%,IF(S9=99%,R9*99%,IF(S9=100%,R9,0)))))))) -> 0 | V9: =+$F$4*$V$3 -> 50000 | W9: =+VLOOKUP(C9,Indicadores!B:V,21,FALSE) -> 0.4697 | X9: =IF(W9>=100%,"Cumple","No Cumple") -> No Cumple | Y9: =IF(W9=100%,V9,0) -> 0 | Z9: =IF(AND(G9>=70%,K9>=70%),"SI","NO") -> SI | AA9: =+IF(Z9="SI",Q9+U9+Y9,0) -> 135000
B10: REGIONAL BOGOTA | C10: CTR_13 | D10: ANYI MAYERLIE ORJUELA | E10: ADRIANA MARCELA DIAZ RICO | F10: =+$F$4*$G$3 -> 0 | G10: 0.7 | H10: =IF(G10>=70%,"Cumple","No Cumple") -> Cumple | I10: =+IF(G10>=95%,F10*G10,0) -> 0 | J10: =+$F$4*$J$3 -> 0 | K10: =+VLOOKUP(C10,Indicadores!B:F,5,FALSE) -> 1 | L10: =IF(K10>=70%,"Cumple","No Cumple") -> Cumple | M10: =+IF(K10>=95%,J10*K10,0) -> 0 | N10: =+$F$4*$N$3 -> 150000 | O10: =+VLOOKUP(C10,Indicadores!B:P,14,FALSE) -> 1 | P10: =IF(O10>=80%,"Cumple","No Cumple") -> Cumple | Q10: =IF(O10=80%,N10*70%,IF(AND(O10>=81%,O10<=90%),N10*80%,IF(AND(O10>=91%,O10<=95%),N10*90%,IF(O10=96%,N10*96%,IF(O10=97%,N10*97%,IF(O10=98%,N10*98%,IF(O10=99%,N10*99%,IF(O10=100%,N10,0)))))))) -> 150000 | R10: =+$F$4*$R$3 -> 50000 | S10: =+VLOOKUP(C10,Indicadores!B:Q,15,FALSE) -> 0.53333333 | T10: =IF(S10>=80%,"Cumple","No Cumple") -> No Cumple | U10: =IF(S10=80%,R10*70%,IF(AND(S10>=81%,S10<=90%),R10*80%,IF(AND(S10>=91%,S10<=95%),R10*90%,IF(S10=96%,R10*96%,IF(S10=97%,R10*97%,IF(S10=98%,R10*98%,IF(S10=99%,R10*99%,IF(S10=100%,R10,0)))))))) -> 0 | V10: =+$F$4*$V$3 -> 50000 | W10: =+VLOOKUP(C10,Indicadores!B:V,21,FALSE) -> 1 | X10: =IF(W10>=100%,"Cumple","No Cumple") -> Cumple | Y10: =IF(W10=100%,V10,0) -> 50000 | Z10: =IF(AND(G10>=70%,K10>=70%),"SI","NO") -> SI | AA10: =+IF(Z10="SI",Q10+U10+Y10,0) -> 200000
B11: REGIONAL BOGOTA | C11: CTR_14 | D11: ANYI MAYERLIE ORJUELA | E11: ADRIANA MARCELA DIAZ RICO | F11: =+$F$4*$G$3 -> 0 | G11: =+VLOOKUP(C11,Indicadores!B:C,2,FALSE) -> 0.4869 | H11: =IF(G11>=70%,"Cumple","No Cumple") -> No Cumple | I11: =+IF(G11>=95%,F11*G11,0) -> 0 | J11: =+$F$4*$J$3 -> 0 | K11: =+VLOOKUP(C11,Indicadores!B:F,5,FALSE) -> 1 | L11: =IF(K11>=70%,"Cumple","No Cumple") -> Cumple | M11: =+IF(K11>=95%,J11*K11,0) -> 0 | N11: =+$F$4*$N$3 -> 150000 | O11: =+VLOOKUP(C11,Indicadores!B:P,14,FALSE) -> 0.0847 | P11: =IF(O11>=80%,"Cumple","No Cumple") -> No Cumple | Q11: =IF(O11=80%,N11*70%,IF(AND(O11>=81%,O11<=90%),N11*80%,IF(AND(O11>=91%,O11<=95%),N11*90%,IF(O11=96%,N11*96%,IF(O11=97%,N11*97%,IF(O11=98%,N11*98%,IF(O11=99%,N11*99%,IF(O11=100%,N11,0)))))))) -> 0 | R11: =+$F$4*$R$3 -> 50000 | S11: =+VLOOKUP(C11,Indicadores!B:Q,15,FALSE) -> 0.30066667 | T11: =IF(S11>=80%,"Cumple","No Cumple") -> No Cumple | U11: =IF(S11=80%,R11*70%,IF(AND(S11>=81%,S11<=90%),R11*80%,IF(AND(S11>=91%,S11<=95%),R11*90%,IF(S11=96%,R11*96%,IF(S11=97%,R11*97%,IF(S11=98%,R11*98%,IF(S11=99%,R11*99%,IF(S11=100%,R11,0)))))))) -> 0 | V11: =+$F$4*$V$3 -> 50000 | W11: =+VLOOKUP(C11,Indicadores!B:V,21,FALSE) -> 0.38985 | X11: =IF(W11>=100%,"Cumple","No Cumple") -> No Cumple | Y11: =IF(W11=100%,V11,0) -> 0 | Z11: =IF(AND(G11>=70%,K11>=70%),"SI","NO") -> NO | AA11: =+IF(Z11="SI",Q11+U11+Y11,0) -> 0
B12: REGIONAL BOGOTA | C12: CTR_15 | D12: ANYI MAYERLIE ORJUELA | E12: ADRIANA MARCELA DIAZ RICO | F12: =+$F$4*$G$3 -> 0 | G12: =+VLOOKUP(C12,Indicadores!B:C,2,FALSE) -> 0.78221818 | H12: =IF(G12>=70%,"Cumple","No Cumple") -> Cumple | I12: =+IF(G12>=95%,F12*G12,0) -> 0 | J12: =+$F$4*$J$3 -> 0 | K12: =+VLOOKUP(C12,Indicadores!B:F,5,FALSE) -> 1 | L12: =IF(K12>=70%,"Cumple","No Cumple") -> Cumple | M12: =+IF(K12>=95%,J12*K12,0) -> 0 | N12: =+$F$4*$N$3 -> 150000 | O12: =+VLOOKUP(C12,Indicadores!B:P,14,FALSE) -> 0.989 | P12: =IF(O12>=80%,"Cumple","No Cumple") -> Cumple | Q12: =IF(O12=80%,N12*70%,IF(AND(O12>=81%,O12<=90%),N12*80%,IF(AND(O12>=91%,O12<=95%),N12*90%,IF(O12=96%,N12*96%,IF(O12=97%,N12*97%,IF(O12=98%,N12*98%,IF(O12=99%,N12*99%,IF(O12=100%,N12,0)))))))) -> 0 | R12: =+$F$4*$R$3 -> 50000 | S12: =+VLOOKUP(C12,Indicadores!B:Q,15,FALSE) -> 0.56656667 | T12: =IF(S12>=80%,"Cumple","No Cumple") -> No Cumple | U12: =IF(S12=80%,R12*70%,IF(AND(S12>=81%,S12<=90%),R12*80%,IF(AND(S12>=91%,S12<=95%),R12*90%,IF(S12=96%,R12*96%,IF(S12=97%,R12*97%,IF(S12=98%,R12*98%,IF(S12=99%,R12*99%,IF(S12=100%,R12,0)))))))) -> 0 | V12: =+$F$4*$V$3 -> 50000 | W12: =+VLOOKUP(C12,Indicadores!B:V,21,FALSE) -> 0.4945 | X12: =IF(W12>=100%,"Cumple","No Cumple") -> No Cumple | Y12: =IF(W12=100%,V12,0) -> 0 | Z12: =IF(AND(G12>=70%,K12>=70%),"SI","NO") -> SI | AA12: =+IF(Z12="SI",Q12+U12+Y12,0) -> 0
B13: REGIONAL BOGOTA | C13: CTR_16 | D13: ANYI MAYERLIE ORJUELA | E13: ADRIANA MARCELA DIAZ RICO | F13: =+$F$4*$G$3 -> 0 | G13: =+VLOOKUP(C13,Indicadores!B:C,2,FALSE) -> 0.7544 | H13: =IF(G13>=70%,"Cumple","No Cumple") -> Cumple | I13: =+IF(G13>=95%,F13*G13,0) -> 0 | J13: =+$F$4*$J$3 -> 0 | K13: =+VLOOKUP(C13,Indicadores!B:F,5,FALSE) -> 0.92857143 | L13: =IF(K13>=70%,"Cumple","No Cumple") -> Cumple | M13: =+IF(K13>=95%,J13*K13,0) -> 0 | N13: =+$F$4*$N$3 -> 150000 | O13: =+VLOOKUP(C13,Indicadores!B:P,14,FALSE) -> 0.9403 | P13: =IF(O13>=80%,"Cumple","No Cumple") -> Cumple | Q13: =IF(O13=80%,N13*70%,IF(AND(O13>=81%,O13<=90%),N13*80%,IF(AND(O13>=91%,O13<=95%),N13*90%,IF(O13=96%,N13*96%,IF(O13=97%,N13*97%,IF(O13=98%,N13*98%,IF(O13=99%,N13*99%,IF(O13=100%,N13,0)))))))) -> 135000 | R13: =+$F$4*$R$3 -> 50000 | S13: =+VLOOKUP(C13,Indicadores!B:Q,15,FALSE) -> 0.369 | T13: =IF(S13>=80%,"Cumple","No Cumple") -> No Cumple | U13: =IF(S13=80%,R13*70%,IF(AND(S13>=81%,S13<=90%),R13*80%,IF(AND(S13>=91%,S13<=95%),R13*90%,IF(S13=96%,R13*96%,IF(S13=97%,R13*97%,IF(S13=98%,R13*98%,IF(S13=99%,R13*99%,IF(S13=100%,R13,0)))))))) -> 0 | V13: =+$F$4*$V$3 -> 50000 | W13: =+VLOOKUP(C13,Indicadores!B:V,21,FALSE) -> 0.9403 | X13: =IF(W13>=100%,"Cumple","No Cumple") -> No Cumple | Y13: =IF(W13=100%,V13,0) -> 0 | Z13: =IF(AND(G13>=70%,K13>=70%),"SI","NO") -> SI | AA13: =+IF(Z13="SI",Q13+U13+Y13,0) -> 135000
B14: REGIONAL BOGOTA | C14: CTR_2 | D14: ANYI MAYERLIE ORJUELA | E14: ADRIANA MARCELA DIAZ RICO | F14: =+$F$4*$G$3 -> 0 | G14: =+VLOOKUP(C14,Indicadores!B:C,2,FALSE) -> 0.73967273 | H14: =IF(G14>=70%,"Cumple","No Cumple") -> Cumple | I14: =+IF(G14>=95%,F14*G14,0) -> 0 | J14: =+$F$4*$J$3 -> 0 | K14: =+VLOOKUP(C14,Indicadores!B:F,5,FALSE) -> 0.5 | L14: =IF(K14>=70%,"Cumple","No Cumple") -> No Cumple | M14: =+IF(K14>=95%,J14*K14,0) -> 0 | N14: =+$F$4*$N$3 -> 150000 | O14: =+VLOOKUP(C14,Indicadores!B:P,14,FALSE) -> 0.8182 | P14: =IF(O14>=80%,"Cumple","No Cumple") -> Cumple | Q14: =IF(O14=80%,N14*70%,IF(AND(O14>=81%,O14<=90%),N14*80%,IF(AND(O14>=91%,O14<=95%),N14*90%,IF(O14=96%,N14*96%,IF(O14=97%,N14*97%,IF(O14=98%,N14*98%,IF(O14=99%,N14*99%,IF(O14=100%,N14,0)))))))) -> 120000 | R14: =+$F$4*$R$3 -> 50000 | S14: =+VLOOKUP(C14,Indicadores!B:Q,15,FALSE) -> 0.66163333 | T14: =IF(S14>=80%,"Cumple","No Cumple") -> No Cumple | U14: =IF(S14=80%,R14*70%,IF(AND(S14>=81%,S14<=90%),R14*80%,IF(AND(S14>=91%,S14<=95%),R14*90%,IF(S14=96%,R14*96%,IF(S14=97%,R14*97%,IF(S14=98%,R14*98%,IF(S14=99%,R14*99%,IF(S14=100%,R14,0)))))))) -> 0 | V14: =+$F$4*$V$3 -> 50000 | W14: =+VLOOKUP(C14,Indicadores!B:V,21,FALSE) -> 0.4091 | X14: =IF(W14>=100%,"Cumple","No Cumple") -> No Cumple | Y14: =IF(W14=100%,V14,0) -> 0 | Z14: =IF(AND(G14>=70%,K14>=70%),"SI","NO") -> NO | AA14: =+IF(Z14="SI",Q14+U14+Y14,0) -> 0
B15: REGIONAL BOGOTA | C15: CTR_3 | D15: ANYI MAYERLIE ORJUELA | E15: ADRIANA MARCELA DIAZ RICO | F15: =+$F$4*$G$3 -> 0 | G15: =+VLOOKUP(C15,Indicadores!B:C,2,FALSE) -> 0.27650909 | H15: =IF(G15>=70%,"Cumple","No Cumple") -> No Cumple | I15: =+IF(G15>=95%,F15*G15,0) -> 0 | J15: =+$F$4*$J$3 -> 0 | K15: =+VLOOKUP(C15,Indicadores!B:F,5,FALSE) -> 1 | L15: =IF(K15>=70%,"Cumple","No Cumple") -> Cumple | M15: =+IF(K15>=95%,J15*K15,0) -> 0 | N15: =+$F$4*$N$3 -> 150000 | O15: =+VLOOKUP(C15,Indicadores!B:P,14,FALSE) -> 0.3333 | P15: =IF(O15>=80%,"Cumple","No Cumple") -> No Cumple | Q15: =IF(O15=80%,N15*70%,IF(AND(O15>=81%,O15<=90%),N15*80%,IF(AND(O15>=91%,O15<=95%),N15*90%,IF(O15=96%,N15*96%,IF(O15=97%,N15*97%,IF(O15=98%,N15*98%,IF(O15=99%,N15*99%,IF(O15=100%,N15,0)))))))) -> 0 | R15: =+$F$4*$R$3 -> 50000 | S15: =+VLOOKUP(C15,Indicadores!B:Q,15,FALSE) -> 0.1111 | T15: =IF(S15>=80%,"Cumple","No Cumple") -> No Cumple | U15: =IF(S15=80%,R15*70%,IF(AND(S15>=81%,S15<=90%),R15*80%,IF(AND(S15>=91%,S15<=95%),R15*90%,IF(S15=96%,R15*96%,IF(S15=97%,R15*97%,IF(S15=98%,R15*98%,IF(S15=99%,R15*99%,IF(S15=100%,R15,0)))))))) -> 0 | V15: =+$F$4*$V$3 -> 50000 | W15: =+VLOOKUP(C15,Indicadores!B:V,21,FALSE) -> 0.375 | X15: =IF(W15>=100%,"Cumple","No Cumple") -> No Cumple | Y15: =IF(W15=100%,V15,0) -> 0 | Z15: =IF(AND(G15>=70%,K15>=70%),"SI","NO") -> NO | AA15: =+IF(Z15="SI",Q15+U15+Y15,0) -> 0
B16: REGIONAL BOGOTA | C16: CTR_4 | D16: ANYI MAYERLIE ORJUELA | E16: ADRIANA MARCELA DIAZ RICO | F16: =+$F$4*$G$3 -> 0 | G16: =+VLOOKUP(C16,Indicadores!B:C,2,FALSE) -> 0.76430909 | H16: =IF(G16>=70%,"Cumple","No Cumple") -> Cumple | I16: =+IF(G16>=95%,F16*G16,0) -> 0 | J16: =+$F$4*$J$3 -> 0 | K16: =+VLOOKUP(C16,Indicadores!B:F,5,FALSE) -> 1 | L16: =IF(K16>=70%,"Cumple","No Cumple") -> Cumple | M16: =+IF(K16>=95%,J16*K16,0) -> 0 | N16: =+$F$4*$N$3 -> 150000 | O16: =+VLOOKUP(C16,Indicadores!B:P,14,FALSE) -> 1 | P16: =IF(O16>=80%,"Cumple","No Cumple") -> Cumple | Q16: =IF(O16=80%,N16*70%,IF(AND(O16>=81%,O16<=90%),N16*80%,IF(AND(O16>=91%,O16<=95%),N16*90%,IF(O16=96%,N16*96%,IF(O16=97%,N16*97%,IF(O16=98%,N16*98%,IF(O16=99%,N16*99%,IF(O16=100%,N16,0)))))))) -> 150000 | R16: =+$F$4*$R$3 -> 50000 | S16: =+VLOOKUP(C16,Indicadores!B:Q,15,FALSE) -> 0.66666667 | T16: =IF(S16>=80%,"Cumple","No Cumple") -> No Cumple | U16: =IF(S16=80%,R16*70%,IF(AND(S16>=81%,S16<=90%),R16*80%,IF(AND(S16>=91%,S16<=95%),R16*90%,IF(S16=96%,R16*96%,IF(S16=97%,R16*97%,IF(S16=98%,R16*98%,IF(S16=99%,R16*99%,IF(S16=100%,R16,0)))))))) -> 0 | V16: =+$F$4*$V$3 -> 50000 | W16: =+VLOOKUP(C16,Indicadores!B:V,21,FALSE) -> 1 | X16: =IF(W16>=100%,"Cumple","No Cumple") -> Cumple | Y16: =IF(W16=100%,V16,0) -> 50000 | Z16: =IF(AND(G16>=70%,K16>=70%),"SI","NO") -> SI | AA16: =+IF(Z16="SI",Q16+U16+Y16,0) -> 200000
B17: REGIONAL BOGOTA | C17: CTR_5 | D17: ANYI MAYERLIE ORJUELA | E17: ADRIANA MARCELA DIAZ RICO | F17: =+$F$4*$G$3 -> 0 | G17: =+VLOOKUP(C17,Indicadores!B:C,2,FALSE) -> 0.73865455 | H17: =IF(G17>=70%,"Cumple","No Cumple") -> Cumple | I17: =+IF(G17>=95%,F17*G17,0) -> 0 | J17: =+$F$4*$J$3 -> 0 | K17: =+VLOOKUP(C17,Indicadores!B:F,5,FALSE) -> 1 | L17: =IF(K17>=70%,"Cumple","No Cumple") -> Cumple | M17: =+IF(K17>=95%,J17*K17,0) -> 0 | N17: =+$F$4*$N$3 -> 150000 | O17: =+VLOOKUP(C17,Indicadores!B:P,14,FALSE) -> 0.9167 | P17: =IF(O17>=80%,"Cumple","No Cumple") -> Cumple | Q17: =IF(O17=80%,N17*70%,IF(AND(O17>=81%,O17<=90%),N17*80%,IF(AND(O17>=91%,O17<=95%),N17*90%,IF(O17=96%,N17*96%,IF(O17=97%,N17*97%,IF(O17=98%,N17*98%,IF(O17=99%,N17*99%,IF(O17=100%,N17,0)))))))) -> 135000 | R17: =+$F$4*$R$3 -> 50000 | S17: =+VLOOKUP(C17,Indicadores!B:Q,15,FALSE) -> 0.30556667 | T17: =IF(S17>=80%,"Cumple","No Cumple") -> No Cumple | U17: =IF(S17=80%,R17*70%,IF(AND(S17>=81%,S17<=90%),R17*80%,IF(AND(S17>=91%,S17<=95%),R17*90%,IF(S17=96%,R17*96%,IF(S17=97%,R17*97%,IF(S17=98%,R17*98%,IF(S17=99%,R17*99%,IF(S17=100%,R17,0)))))))) -> 0 | V17: =+$F$4*$V$3 -> 50000 | W17: =+VLOOKUP(C17,Indicadores!B:V,21,FALSE) -> 0.9167 | X17: =IF(W17>=100%,"Cumple","No Cumple") -> No Cumple | Y17: =IF(W17=100%,V17,0) -> 0 | Z17: =IF(AND(G17>=70%,K17>=70%),"SI","NO") -> SI | AA17: =+IF(Z17="SI",Q17+U17+Y17,0) -> 135000
B18: REGIONAL BOGOTA | C18: CTR_6 | D18: ANYI MAYERLIE ORJUELA | E18: ADRIANA MARCELA DIAZ RICO | F18: =+$F$4*$G$3 -> 0 | G18: =+VLOOKUP(C18,Indicadores!B:C,2,FALSE) -> 0.76424545 | H18: =IF(G18>=70%,"Cumple","No Cumple") -> Cumple | I18: =+IF(G18>=95%,F18*G18,0) -> 0 | J18: =+$F$4*$J$3 -> 0 | K18: =+VLOOKUP(C18,Indicadores!B:F,5,FALSE) -> 1 | L18: =IF(K18>=70%,"Cumple","No Cumple") -> Cumple | M18: =+IF(K18>=95%,J18*K18,0) -> 0 | N18: =+$F$4*$N$3 -> 150000 | O18: =+VLOOKUP(C18,Indicadores!B:P,14,FALSE) -> 1 | P18: =IF(O18>=80%,"Cumple","No Cumple") -> Cumple | Q18: =IF(O18=80%,N18*70%,IF(AND(O18>=81%,O18<=90%),N18*80%,IF(AND(O18>=91%,O18<=95%),N18*90%,IF(O18=96%,N18*96%,IF(O18=97%,N18*97%,IF(O18=98%,N18*98%,IF(O18=99%,N18*99%,IF(O18=100%,N18,0)))))))) -> 150000 | R18: =+$F$4*$R$3 -> 50000 | S18: =+VLOOKUP(C18,Indicadores!B:Q,15,FALSE) -> 0.43973333 | T18: =IF(S18>=80%,"Cumple","No Cumple") -> No Cumple | U18: =IF(S18=80%,R18*70%,IF(AND(S18>=81%,S18<=90%),R18*80%,IF(AND(S18>=91%,S18<=95%),R18*90%,IF(S18=96%,R18*96%,IF(S18=97%,R18*97%,IF(S18=98%,R18*98%,IF(S18=99%,R18*99%,IF(S18=100%,R18,0)))))))) -> 0 | V18: =+$F$4*$V$3 -> 50000 | W18: =+VLOOKUP(C18,Indicadores!B:V,21,FALSE) -> 0.5 | X18: =IF(W18>=100%,"Cumple","No Cumple") -> No Cumple | Y18: =IF(W18=100%,V18,0) -> 0 | Z18: =IF(AND(G18>=70%,K18>=70%),"SI","NO") -> SI | AA18: =+IF(Z18="SI",Q18+U18+Y18,0) -> 150000
B19: REGIONAL BOGOTA | C19: CTR_7 | D19: ANYI MAYERLIE ORJUELA | E19: ADRIANA MARCELA DIAZ RICO | F19: =+$F$4*$G$3 -> 0 | G19: =+VLOOKUP(C19,Indicadores!B:C,2,FALSE) -> 0.77872727 | H19: =IF(G19>=70%,"Cumple","No Cumple") -> Cumple | I19: =+IF(G19>=95%,F19*G19,0) -> 0 | J19: =+$F$4*$J$3 -> 0 | K19: =+VLOOKUP(C19,Indicadores!B:F,5,FALSE) -> 0.66666667 | L19: =IF(K19>=70%,"Cumple","No Cumple") -> No Cumple | M19: =+IF(K19>=95%,J19*K19,0) -> 0 | N19: =+$F$4*$N$3 -> 150000 | O19: =+VLOOKUP(C19,Indicadores!B:P,14,FALSE) -> 1 | P19: =IF(O19>=80%,"Cumple","No Cumple") -> Cumple | Q19: =IF(O19=80%,N19*70%,IF(AND(O19>=81%,O19<=90%),N19*80%,IF(AND(O19>=91%,O19<=95%),N19*90%,IF(O19=96%,N19*96%,IF(O19=97%,N19*97%,IF(O19=98%,N19*98%,IF(O19=99%,N19*99%,IF(O19=100%,N19,0)))))))) -> 150000 | R19: =+$F$4*$R$3 -> 50000 | S19: =+VLOOKUP(C19,Indicadores!B:Q,15,FALSE) -> 0.6651 | T19: =IF(S19>=80%,"Cumple","No Cumple") -> No Cumple | U19: =IF(S19=80%,R19*70%,IF(AND(S19>=81%,S19<=90%),R19*80%,IF(AND(S19>=91%,S19<=95%),R19*90%,IF(S19=96%,R19*96%,IF(S19=97%,R19*97%,IF(S19=98%,R19*98%,IF(S19=99%,R19*99%,IF(S19=100%,R19,0)))))))) -> 0 | V19: =+$F$4*$V$3 -> 50000 | W19: =+VLOOKUP(C19,Indicadores!B:V,21,FALSE) -> 0.5 | X19: =IF(W19>=100%,"Cumple","No Cumple") -> No Cumple | Y19: =IF(W19=100%,V19,0) -> 0 | Z19: =IF(AND(G19>=70%,K19>=70%),"SI","NO") -> NO | AA19: =+IF(Z19="SI",Q19+U19+Y19,0) -> 0
B20: REGIONAL BOGOTA | C20: CTR_8 | D20: ANYI MAYERLIE ORJUELA | E20: ADRIANA MARCELA DIAZ RICO | F20: =+$F$4*$G$3 -> 0 | G20: =+VLOOKUP(C20,Indicadores!B:C,2,FALSE) -> 0.74007273 | H20: =IF(G20>=70%,"Cumple","No Cumple") -> Cumple | I20: =+IF(G20>=95%,F20*G20,0) -> 0 | J20: =+$F$4*$J$3 -> 0 | K20: =+VLOOKUP(C20,Indicadores!B:F,5,FALSE) -> 0.83333333 | L20: =IF(K20>=70%,"Cumple","No Cumple") -> Cumple | M20: =+IF(K20>=95%,J20*K20,0) -> 0 | N20: =+$F$4*$N$3 -> 150000 | O20: =+VLOOKUP(C20,Indicadores!B:P,14,FALSE) -> 0.9844 | P20: =IF(O20>=80%,"Cumple","No Cumple") -> Cumple | Q20: =IF(O20=80%,N20*70%,IF(AND(O20>=81%,O20<=90%),N20*80%,IF(AND(O20>=91%,O20<=95%),N20*90%,IF(O20=96%,N20*96%,IF(O20=97%,N20*97%,IF(O20=98%,N20*98%,IF(O20=99%,N20*99%,IF(O20=100%,N20,0)))))))) -> 0 | R20: =+$F$4*$R$3 -> 50000 | S20: =+VLOOKUP(C20,Indicadores!B:Q,15,FALSE) -> 0.33333333 | T20: =IF(S20>=80%,"Cumple","No Cumple") -> No Cumple | U20: =IF(S20=80%,R20*70%,IF(AND(S20>=81%,S20<=90%),R20*80%,IF(AND(S20>=91%,S20<=95%),R20*90%,IF(S20=96%,R20*96%,IF(S20=97%,R20*97%,IF(S20=98%,R20*98%,IF(S20=99%,R20*99%,IF(S20=100%,R20,0)))))))) -> 0 | V20: =+$F$4*$V$3 -> 50000 | W20: =+VLOOKUP(C20,Indicadores!B:V,21,FALSE) -> 0.4922 | X20: =IF(W20>=100%,"Cumple","No Cumple") -> No Cumple | Y20: =IF(W20=100%,V20,0) -> 0 | Z20: =IF(AND(G20>=70%,K20>=70%),"SI","NO") -> SI | AA20: =+IF(Z20="SI",Q20+U20+Y20,0) -> 0
B21: REGIONAL BOGOTA | C21: CTR_9 | D21: ANYI MAYERLIE ORJUELA | E21: ADRIANA MARCELA DIAZ RICO | F21: =+$F$4*$G$3 -> 0 | G21: =+VLOOKUP(C21,Indicadores!B:C,2,FALSE) -> 0.75609091 | H21: =IF(G21>=70%,"Cumple","No Cumple") -> Cumple | I21: =+IF(G21>=95%,F21*G21,0) -> 0 | J21: =+$F$4*$J$3 -> 0 | K21: =+VLOOKUP(C21,Indicadores!B:F,5,FALSE) -> 1 | L21: =IF(K21>=70%,"Cumple","No Cumple") -> Cumple | M21: =+IF(K21>=95%,J21*K21,0) -> 0 | N21: =+$F$4*$N$3 -> 150000 | O21: =+VLOOKUP(C21,Indicadores!B:P,14,FALSE) -> 0.9756 | P21: =IF(O21>=80%,"Cumple","No Cumple") -> Cumple | Q21: =IF(O21=80%,N21*70%,IF(AND(O21>=81%,O21<=90%),N21*80%,IF(AND(O21>=91%,O21<=95%),N21*90%,IF(O21=96%,N21*96%,IF(O21=97%,N21*97%,IF(O21=98%,N21*98%,IF(O21=99%,N21*99%,IF(O21=100%,N21,0)))))))) -> 0 | R21: =+$F$4*$R$3 -> 50000 | S21: =+VLOOKUP(C21,Indicadores!B:Q,15,FALSE) -> 0.3821 | T21: =IF(S21>=80%,"Cumple","No Cumple") -> No Cumple | U21: =IF(S21=80%,R21*70%,IF(AND(S21>=81%,S21<=90%),R21*80%,IF(AND(S21>=91%,S21<=95%),R21*90%,IF(S21=96%,R21*96%,IF(S21=97%,R21*97%,IF(S21=98%,R21*98%,IF(S21=99%,R21*99%,IF(S21=100%,R21,0)))))))) -> 0 | V21: =+$F$4*$V$3 -> 50000 | W21: =+VLOOKUP(C21,Indicadores!B:V,21,FALSE) -> 0.4878 | X21: =IF(W21>=100%,"Cumple","No Cumple") -> No Cumple | Y21: =IF(W21=100%,V21,0) -> 0 | Z21: =IF(AND(G21>=70%,K21>=70%),"SI","NO") -> SI | AA21: =+IF(Z21="SI",Q21+U21+Y21,0) -> 0
B22: REGIONAL BOGOTA | C22: SOR_1 | D22: ANYI MAYERLIE ORJUELA | E22: ANA OMAIRA VELOZA MORALES | F22: =+$F$4*$G$3 -> 0 | G22: =+VLOOKUP(C22,Indicadores!B:C,2,FALSE) -> 0.80502727 | H22: =IF(G22>=70%,"Cumple","No Cumple") -> Cumple | I22: =+IF(G22>=95%,F22*G22,0) -> 0 | J22: =+$F$4*$J$3 -> 0 | K22: =+VLOOKUP(C22,Indicadores!B:F,5,FALSE) -> 1 | L22: =IF(K22>=70%,"Cumple","No Cumple") -> Cumple | M22: =+IF(K22>=95%,J22*K22,0) -> 0 | N22: =+$F$4*$N$3 -> 150000 | O22: =+VLOOKUP(C22,Indicadores!B:P,14,FALSE) -> 1 | P22: =IF(O22>=80%,"Cumple","No Cumple") -> Cumple | Q22: =IF(O22=80%,N22*70%,IF(AND(O22>=81%,O22<=90%),N22*80%,IF(AND(O22>=91%,O22<=95%),N22*90%,IF(O22=96%,N22*96%,IF(O22=97%,N22*97%,IF(O22=98%,N22*98%,IF(O22=99%,N22*99%,IF(O22=100%,N22,0)))))))) -> 150000 | R22: =+$F$4*$R$3 -> 50000 | S22: =+VLOOKUP(C22,Indicadores!B:Q,15,FALSE) -> 0.61946667 | T22: =IF(S22>=80%,"Cumple","No Cumple") -> No Cumple | U22: =IF(S22=80%,R22*70%,IF(AND(S22>=81%,S22<=90%),R22*80%,IF(AND(S22>=91%,S22<=95%),R22*90%,IF(S22=96%,R22*96%,IF(S22=97%,R22*97%,IF(S22=98%,R22*98%,IF(S22=99%,R22*99%,IF(S22=100%,R22,0)))))))) -> 0 | V22: =+$F$4*$V$3 -> 50000 | W22: =+VLOOKUP(C22,Indicadores!B:V,21,FALSE) -> 1 | X22: =IF(W22>=100%,"Cumple","No Cumple") -> Cumple | Y22: =IF(W22=100%,V22,0) -> 50000 | Z22: =IF(AND(G22>=70%,K22>=70%),"SI","NO") -> SI | AA22: =+IF(Z22="SI",Q22+U22+Y22,0) -> 200000
... B38: REGIONAL BOGOTA | C38: NOC_1 | D38: HECTOR MEDINA ROZO | E38: ANDREA HERRERA RAIPE | F38: =+$F$4*$G$3 -> 0 | G38: =+VLOOKUP(C38,Indicadores!B:C,2,FALSE) -> 0.75362727 | H38: =IF(G38>=70%,"Cumple","No Cumple") -> Cumple | I38: =+IF(G38>=95%,F38*G38,0) -> 0 | J38: =+$F$4*$J$3 -> 0 | K38: =+VLOOKUP(C38,Indicadores!B:F,5,FALSE) -> 1 | L38: =IF(K38>=70%,"Cumple","No Cumple") -> Cumple | M38: =+IF(K38>=95%,J38*K38,0) -> 0 | N38: =+$F$4*$N$3 -> 150000 | O38: =+VLOOKUP(C38,Indicadores!B:P,14,FALSE) -> 1 | P38: =IF(O38>=80%,"Cumple","No Cumple") -> Cumple | Q38: =IF(O38=80%,N38*70%,IF(AND(O38>=81%,O38<=90%),N38*80%,IF(AND(O38>=91%,O38<=95%),N38*90%,IF(O38=96%,N38*96%,IF(O38=97%,N38*97%,IF(O38=98%,N38*98%,IF(O38=99%,N38*99%,IF(O38=100%,N38,0)))))))) -> 150000 | R38: =+$F$4*$R$3 -> 50000 | S38: =+VLOOKUP(C38,Indicadores!B:Q,15,FALSE) -> 0.57143333 | T38: =IF(S38>=80%,"Cumple","No Cumple") -> No Cumple | U38: =IF(S38=80%,R38*70%,IF(AND(S38>=81%,S38<=90%),R38*80%,IF(AND(S38>=91%,S38<=95%),R38*90%,IF(S38=96%,R38*96%,IF(S38=97%,R38*97%,IF(S38=98%,R38*98%,IF(S38=99%,R38*99%,IF(S38=100%,R38,0)))))))) -> 0 | V38: =+$F$4*$V$3 -> 50000 | W38: =+VLOOKUP(C38,Indicadores!B:V,21,FALSE) -> 1 | X38: =IF(W38>=100%,"Cumple","No Cumple") -> Cumple | Y38: =IF(W38=100%,V38,0) -> 50000 | Z38: =IF(AND(G38>=70%,K38>=70%),"SI","NO") -> SI | AA38: =+IF(Z38="SI",Q38+U38+Y38,0) -> 200000
B39: REGIONAL BOGOTA | C39: NOC_10 | D39: HECTOR MEDINA ROZO | E39: ANDREA HERRERA RAIPE | F39: =+$F$4*$G$3 -> 0 | G39: 0.7 | H39: =IF(G39>=70%,"Cumple","No Cumple") -> Cumple | I39: =+IF(G39>=95%,F39*G39,0) -> 0 | J39: =+$F$4*$J$3 -> 0 | K39: =+VLOOKUP(C39,Indicadores!B:F,5,FALSE) -> 0.93333333 | L39: =IF(K39>=70%,"Cumple","No Cumple") -> Cumple | M39: =+IF(K39>=95%,J39*K39,0) -> 0 | N39: =+$F$4*$N$3 -> 150000 | O39: 0.99 | P39: =IF(O39>=80%,"Cumple","No Cumple") -> Cumple | Q39: =IF(O39=80%,N39*70%,IF(AND(O39>=81%,O39<=90%),N39*80%,IF(AND(O39>=91%,O39<=95%),N39*90%,IF(O39=96%,N39*96%,IF(O39=97%,N39*97%,IF(O39=98%,N39*98%,IF(O39=99%,N39*99%,IF(O39=100%,N39,0)))))))) -> 148500 | R39: =+$F$4*$R$3 -> 50000 | S39: =+VLOOKUP(C39,Indicadores!B:Q,15,FALSE) -> 0.72526667 | T39: =IF(S39>=80%,"Cumple","No Cumple") -> No Cumple | U39: =IF(S39=80%,R39*70%,IF(AND(S39>=81%,S39<=90%),R39*80%,IF(AND(S39>=91%,S39<=95%),R39*90%,IF(S39=96%,R39*96%,IF(S39=97%,R39*97%,IF(S39=98%,R39*98%,IF(S39=99%,R39*99%,IF(S39=100%,R39,0)))))))) -> 0 | V39: =+$F$4*$V$3 -> 50000 | W39: =+VLOOKUP(C39,Indicadores!B:V,21,FALSE) -> 0.5 | X39: =IF(W39>=100%,"Cumple","No Cumple") -> No Cumple | Y39: =IF(W39=100%,V39,0) -> 0 | Z39: =IF(AND(G39>=70%,K39>=70%),"SI","NO") -> SI | AA39: =+IF(Z39="SI",Q39+U39+Y39,0) -> 148500
B40: REGIONAL BOGOTA | C40: NOC_11 | D40: HECTOR MEDINA ROZO | E40: ANDREA HERRERA RAIPE | F40: =+$F$4*$G$3 -> 0 | G40: 0.7 | H40: =IF(G40>=70%,"Cumple","No Cumple") -> Cumple | I40: =+IF(G40>=95%,F40*G40,0) -> 0 | J40: =+$F$4*$J$3 -> 0 | K40: =+VLOOKUP(C40,Indicadores!B:F,5,FALSE) -> 1 | L40: =IF(K40>=70%,"Cumple","No Cumple") -> Cumple | M40: =+IF(K40>=95%,J40*K40,0) -> 0 | N40: =+$F$4*$N$3 -> 150000 | O40: =+VLOOKUP(C40,Indicadores!B:P,14,FALSE) -> 0.0581 | P40: =IF(O40>=80%,"Cumple","No Cumple") -> No Cumple | Q40: =IF(O40=80%,N40*70%,IF(AND(O40>=81%,O40<=90%),N40*80%,IF(AND(O40>=91%,O40<=95%),N40*90%,IF(O40=96%,N40*96%,IF(O40=97%,N40*97%,IF(O40=98%,N40*98%,IF(O40=99%,N40*99%,IF(O40=100%,N40,0)))))))) -> 0 | R40: =+$F$4*$R$3 -> 50000 | S40: =+VLOOKUP(C40,Indicadores!B:Q,15,FALSE) -> 0.054266667 | T40: =IF(S40>=80%,"Cumple","No Cumple") -> No Cumple | U40: =IF(S40=80%,R40*70%,IF(AND(S40>=81%,S40<=90%),R40*80%,IF(AND(S40>=91%,S40<=95%),R40*90%,IF(S40=96%,R40*96%,IF(S40=97%,R40*97%,IF(S40=98%,R40*98%,IF(S40=99%,R40*99%,IF(S40=100%,R40,0)))))))) -> 0 | V40: =+$F$4*$V$3 -> 50000 | W40: =+VLOOKUP(C40,Indicadores!B:V,21,FALSE) -> 0.4942 | X40: =IF(W40>=100%,"Cumple","No Cumple") -> No Cumple | Y40: =IF(W40=100%,V40,0) -> 0 | Z40: =IF(AND(G40>=70%,K40>=70%),"SI","NO") -> SI | AA40: =+IF(Z40="SI",Q40+U40+Y40,0) -> 0
B41: REGIONAL BOGOTA | C41: NOC_12 | D41: HECTOR MEDINA ROZO | E41: ANDREA HERRERA RAIPE | F41: =+$F$4*$G$3 -> 0 | G41: =+VLOOKUP(C41,Indicadores!B:C,2,FALSE) -> 0.75303636 | H41: =IF(G41>=70%,"Cumple","No Cumple") -> Cumple | I41: =+IF(G41>=95%,F41*G41,0) -> 0 | J41: =+$F$4*$J$3 -> 0 | K41: =+VLOOKUP(C41,Indicadores!B:F,5,FALSE) -> 0.95238095 | L41: =IF(K41>=70%,"Cumple","No Cumple") -> Cumple | M41: =+IF(K41>=95%,J41*K41,0) -> 0 | N41: =+$F$4*$N$3 -> 150000 | O41: =+VLOOKUP(C41,Indicadores!B:P,14,FALSE) -> 0.9823 | P41: =IF(O41>=80%,"Cumple","No Cumple") -> Cumple | Q41: =IF(O41=80%,N41*70%,IF(AND(O41>=81%,O41<=90%),N41*80%,IF(AND(O41>=91%,O41<=95%),N41*90%,IF(O41=96%,N41*96%,IF(O41=97%,N41*97%,IF(O41=98%,N41*98%,IF(O41=99%,N41*99%,IF(O41=100%,N41,0)))))))) -> 0 | R41: =+$F$4*$R$3 -> 50000 | S41: =+VLOOKUP(C41,Indicadores!B:Q,15,FALSE) -> 0.49006667 | T41: =IF(S41>=80%,"Cumple","No Cumple") -> No Cumple | U41: =IF(S41=80%,R41*70%,IF(AND(S41>=81%,S41<=90%),R41*80%,IF(AND(S41>=91%,S41<=95%),R41*90%,IF(S41=96%,R41*96%,IF(S41=97%,R41*97%,IF(S41=98%,R41*98%,IF(S41=99%,R41*99%,IF(S41=100%,R41,0)))))))) -> 0 | V41: =+$F$4*$V$3 -> 50000 | W41: =+VLOOKUP(C41,Indicadores!B:V,21,FALSE) -> 0.4956 | X41: =IF(W41>=100%,"Cumple","No Cumple") -> No Cumple | Y41: =IF(W41=100%,V41,0) -> 0 | Z41: =IF(AND(G41>=70%,K41>=70%),"SI","NO") -> SI | AA41: =+IF(Z41="SI",Q41+U41+Y41,0) -> 0
B42: REGIONAL BOGOTA | C42: NOC_13 | D42: HECTOR MEDINA ROZO | E42: ANDREA HERRERA RAIPE | F42: =+$F$4*$G$3 -> 0 | G42: =+VLOOKUP(C42,Indicadores!B:C,2,FALSE) -> 0.78945455 | H42: =IF(G42>=70%,"Cumple","No Cumple") -> Cumple | I42: =+IF(G42>=95%,F42*G42,0) -> 0 | J42: =+$F$4*$J$3 -> 0 | K42: =+VLOOKUP(C42,Indicadores!B:F,5,FALSE) -> 1 | L42: =IF(K42>=70%,"Cumple","No Cumple") -> Cumple | M42: =+IF(K42>=95%,J42*K42,0) -> 0 | N42: =+$F$4*$N$3 -> 150000 | O42: =+VLOOKUP(C42,Indicadores!B:P,14,FALSE) -> 0.9912 | P42: =IF(O42>=80%,"Cumple","No Cumple") -> Cumple | Q42: =IF(O42=80%,N42*70%,IF(AND(O42>=81%,O42<=90%),N42*80%,IF(AND(O42>=91%,O42<=95%),N42*90%,IF(O42=96%,N42*96%,IF(O42=97%,N42*97%,IF(O42=98%,N42*98%,IF(O42=99%,N42*99%,IF(O42=100%,N42,0)))))))) -> 0 | R42: =+$F$4*$R$3 -> 50000 | S42: =+VLOOKUP(C42,Indicadores!B:Q,15,FALSE) -> 0.4788 | T42: =IF(S42>=80%,"Cumple","No Cumple") -> No Cumple | U42: =IF(S42=80%,R42*70%,IF(AND(S42>=81%,S42<=90%),R42*80%,IF(AND(S42>=91%,S42<=95%),R42*90%,IF(S42=96%,R42*96%,IF(S42=97%,R42*97%,IF(S42=98%,R42*98%,IF(S42=99%,R42*99%,IF(S42=100%,R42,0)))))))) -> 0 | V42: =+$F$4*$V$3 -> 50000 | W42: =+VLOOKUP(C42,Indicadores!B:V,21,FALSE) -> 0.4956 | X42: =IF(W42>=100%,"Cumple","No Cumple") -> No Cumple | Y42: =IF(W42=100%,V42,0) -> 0 | Z42: =IF(AND(G42>=70%,K42>=70%),"SI","NO") -> SI | AA42: =+IF(Z42="SI",Q42+U42+Y42,0) -> 0
B43: REGIONAL BOGOTA | C43: NOC_14 | D43: HECTOR MEDINA ROZO | E43: ANDREA HERRERA RAIPE | F43: =+$F$4*$G$3 -> 0 | G43: =+VLOOKUP(C43,Indicadores!B:C,2,FALSE) -> 0.7565 | H43: =IF(G43>=70%,"Cumple","No Cumple") -> Cumple | I43: =+IF(G43>=95%,F43*G43,0) -> 0 | J43: =+$F$4*$J$3 -> 0 | K43: =+VLOOKUP(C43,Indicadores!B:F,5,FALSE) -> 1 | L43: =IF(K43>=70%,"Cumple","No Cumple") -> Cumple | M43: =+IF(K43>=95%,J43*K43,0) -> 0 | N43: =+$F$4*$N$3 -> 150000 | O43: =+VLOOKUP(C43,Indicadores!B:P,14,FALSE) -> 0.9643 | P43: =IF(O43>=80%,"Cumple","No Cumple") -> Cumple | Q43: =IF(O43=80%,N43*70%,IF(AND(O43>=81%,O43<=90%),N43*80%,IF(AND(O43>=91%,O43<=95%),N43*90%,IF(O43=96%,N43*96%,IF(O43=97%,N43*97%,IF(O43=98%,N43*98%,IF(O43=99%,N43*99%,IF(O43=100%,N43,0)))))))) -> 0 | R43: =+$F$4*$R$3 -> 50000 | S43: =+VLOOKUP(C43,Indicadores!B:Q,15,FALSE) -> 0.66666667 | T43: =IF(S43>=80%,"Cumple","No Cumple") -> No Cumple | U43: =IF(S43=80%,R43*70%,IF(AND(S43>=81%,S43<=90%),R43*80%,IF(AND(S43>=91%,S43<=95%),R43*90%,IF(S43=96%,R43*96%,IF(S43=97%,R43*97%,IF(S43=98%,R43*98%,IF(S43=99%,R43*99%,IF(S43=100%,R43,0)))))))) -> 0 | V43: =+$F$4*$V$3 -> 50000 | W43: =+VLOOKUP(C43,Indicadores!B:V,21,FALSE) -> 0.9643 | X43: =IF(W43>=100%,"Cumple","No Cumple") -> No Cumple | Y43: =IF(W43=100%,V43,0) -> 0 | Z43: =IF(AND(G43>=70%,K43>=70%),"SI","NO") -> SI | AA43: =+IF(Z43="SI",Q43+U43+Y43,0) -> 0
B44: REGIONAL BOGOTA | C44: NOC_15 | D44: HECTOR MEDINA ROZO | E44: ANDREA HERRERA RAIPE | F44: =+$F$4*$G$3 -> 0 | G44: =+VLOOKUP(C44,Indicadores!B:C,2,FALSE) -> 0.89160909 | H44: =IF(G44>=70%,"Cumple","No Cumple") -> Cumple | I44: =+IF(G44>=95%,F44*G44,0) -> 0 | J44: =+$F$4*$J$3 -> 0 | K44: =+VLOOKUP(C44,Indicadores!B:F,5,FALSE) -> 1 | L44: =IF(K44>=70%,"Cumple","No Cumple") -> Cumple | M44: =+IF(K44>=95%,J44*K44,0) -> 0 | N44: =+$F$4*$N$3 -> 150000 | O44: =+VLOOKUP(C44,Indicadores!B:P,14,FALSE) -> 1 | P44: =IF(O44>=80%,"Cumple","No Cumple") -> Cumple | Q44: =IF(O44=80%,N44*70%,IF(AND(O44>=81%,O44<=90%),N44*80%,IF(AND(O44>=91%,O44<=95%),N44*90%,IF(O44=96%,N44*96%,IF(O44=97%,N44*97%,IF(O44=98%,N44*98%,IF(O44=99%,N44*99%,IF(O44=100%,N44,0)))))))) -> 150000 | R44: =+$F$4*$R$3 -> 50000 | S44: =+VLOOKUP(C44,Indicadores!B:Q,15,FALSE) -> 0.85896667 | T44: =IF(S44>=80%,"Cumple","No Cumple") -> Cumple | U44: =IF(S44=80%,R44*70%,IF(AND(S44>=81%,S44<=90%),R44*80%,IF(AND(S44>=91%,S44<=95%),R44*90%,IF(S44=96%,R44*96%,IF(S44=97%,R44*97%,IF(S44=98%,R44*98%,IF(S44=99%,R44*99%,IF(S44=100%,R44,0)))))))) -> 40000 | V44: =+$F$4*$V$3 -> 50000 | W44: =+VLOOKUP(C44,Indicadores!B:V,21,FALSE) -> 0.5 | X44: =IF(W44>=100%,"Cumple","No Cumple") -> No Cumple | Y44: =IF(W44=100%,V44,0) -> 0 | Z44: =IF(AND(G44>=70%,K44>=70%),"SI","NO") -> SI | AA44: =+IF(Z44="SI",Q44+U44+Y44,0) -> 190000
B45: REGIONAL BOGOTA | C45: NOC_16 | D45: HECTOR MEDINA ROZO | E45: ANDREA HERRERA RAIPE | F45: =+$F$4*$G$3 -> 0 | G45: =+VLOOKUP(C45,Indicadores!B:C,2,FALSE) -> 0.79950909 | H45: =IF(G45>=70%,"Cumple","No Cumple") -> Cumple | I45: =+IF(G45>=95%,F45*G45,0) -> 0 | J45: =+$F$4*$J$3 -> 0 | K45: =+VLOOKUP(C45,Indicadores!B:F,5,FALSE) -> 1 | L45: =IF(K45>=70%,"Cumple","No Cumple") -> Cumple | M45: =+IF(K45>=95%,J45*K45,0) -> 0 | N45: =+$F$4*$N$3 -> 150000 | O45: =+VLOOKUP(C45,Indicadores!B:P,14,FALSE) -> 1 | P45: =IF(O45>=80%,"Cumple","No Cumple") -> Cumple | Q45: =IF(O45=80%,N45*70%,IF(AND(O45>=81%,O45<=90%),N45*80%,IF(AND(O45>=91%,O45<=95%),N45*90%,IF(O45=96%,N45*96%,IF(O45=97%,N45*97%,IF(O45=98%,N45*98%,IF(O45=99%,N45*99%,IF(O45=100%,N45,0)))))))) -> 150000 | R45: =+$F$4*$R$3 -> 50000 | S45: =+VLOOKUP(C45,Indicadores!B:Q,15,FALSE) -> 0.5112 | T45: =IF(S45>=80%,"Cumple","No Cumple") -> No Cumple | U45: =IF(S45=80%,R45*70%,IF(AND(S45>=81%,S45<=90%),R45*80%,IF(AND(S45>=91%,S45<=95%),R45*90%,IF(S45=96%,R45*96%,IF(S45=97%,R45*97%,IF(S45=98%,R45*98%,IF(S45=99%,R45*99%,IF(S45=100%,R45,0)))))))) -> 0 | V45: =+$F$4*$V$3 -> 50000 | W45: =+VLOOKUP(C45,Indicadores!B:V,21,FALSE) -> 0.5 | X45: =IF(W45>=100%,"Cumple","No Cumple") -> No Cumple | Y45: =IF(W45=100%,V45,0) -> 0 | Z45: =IF(AND(G45>=70%,K45>=70%),"SI","NO") -> SI | AA45: =+IF(Z45="SI",Q45+U45+Y45,0) -> 150000
B46: REGIONAL BOGOTA | C46: NOC_2 | D46: HECTOR MEDINA ROZO | E46: ANDREA HERRERA RAIPE | F46: =+$F$4*$G$3 -> 0 | G46: =+VLOOKUP(C46,Indicadores!B:C,2,FALSE) -> 0.72181818 | H46: =IF(G46>=70%,"Cumple","No Cumple") -> Cumple | I46: =+IF(G46>=95%,F46*G46,0) -> 0 | J46: =+$F$4*$J$3 -> 0 | K46: =+VLOOKUP(C46,Indicadores!B:F,5,FALSE) -> 1 | L46: =IF(K46>=70%,"Cumple","No Cumple") -> Cumple | M46: =+IF(K46>=95%,J46*K46,0) -> 0 | N46: =+$F$4*$N$3 -> 150000 | O46: =+VLOOKUP(C46,Indicadores!B:P,14,FALSE) -> 0.96 | P46: =IF(O46>=80%,"Cumple","No Cumple") -> Cumple | Q46: =IF(O46=80%,N46*70%,IF(AND(O46>=81%,O46<=90%),N46*80%,IF(AND(O46>=91%,O46<=95%),N46*90%,IF(O46=96%,N46*96%,IF(O46=97%,N46*97%,IF(O46=98%,N46*98%,IF(O46=99%,N46*99%,IF(O46=100%,N46,0)))))))) -> 144000 | R46: =+$F$4*$R$3 -> 50000 | S46: =+VLOOKUP(C46,Indicadores!B:Q,15,FALSE) -> 0.32666667 | T46: =IF(S46>=80%,"Cumple","No Cumple") -> No Cumple | U46: =IF(S46=80%,R46*70%,IF(AND(S46>=81%,S46<=90%),R46*80%,IF(AND(S46>=91%,S46<=95%),R46*90%,IF(S46=96%,R46*96%,IF(S46=97%,R46*97%,IF(S46=98%,R46*98%,IF(S46=99%,R46*99%,IF(S46=100%,R46,0)))))))) -> 0 | V46: =+$F$4*$V$3 -> 50000 | W46: =+VLOOKUP(C46,Indicadores!B:V,21,FALSE) -> 0.48 | X46: =IF(W46>=100%,"Cumple","No Cumple") -> No Cumple | Y46: =IF(W46=100%,V46,0) -> 0 | Z46: =IF(AND(G46>=70%,K46>=70%),"SI","NO") -> SI | AA46: =+IF(Z46="SI",Q46+U46+Y46,0) -> 144000
B47: REGIONAL BOGOTA | C47: NOC_3 | D47: HECTOR MEDINA ROZO | E47: ANDREA HERRERA RAIPE | F47: =+$F$4*$G$3 -> 0 | G47: =+VLOOKUP(C47,Indicadores!B:C,2,FALSE) -> 0.3695 | H47: =IF(G47>=70%,"Cumple","No Cumple") -> No Cumple | I47: =+IF(G47>=95%,F47*G47,0) -> 0 | J47: =+$F$4*$J$3 -> 0 | K47: =+VLOOKUP(C47,Indicadores!B:F,5,FALSE) -> 1 | L47: =IF(K47>=70%,"Cumple","No Cumple") -> Cumple | M47: =+IF(K47>=95%,J47*K47,0) -> 0 | N47: =+$F$4*$N$3 -> 150000 | O47: =+VLOOKUP(C47,Indicadores!B:P,14,FALSE) -> 0.0161 | P47: =IF(O47>=80%,"Cumple","No Cumple") -> No Cumple | Q47: =IF(O47=80%,N47*70%,IF(AND(O47>=81%,O47<=90%),N47*80%,IF(AND(O47>=91%,O47<=95%),N47*90%,IF(O47=96%,N47*96%,IF(O47=97%,N47*97%,IF(O47=98%,N47*98%,IF(O47=99%,N47*99%,IF(O47=100%,N47,0)))))))) -> 0 | R47: =+$F$4*$R$3 -> 50000 | S47: =+VLOOKUP(C47,Indicadores!B:Q,15,FALSE) -> 0.10453333 | T47: =IF(S47>=80%,"Cumple","No Cumple") -> No Cumple | U47: =IF(S47=80%,R47*70%,IF(AND(S47>=81%,S47<=90%),R47*80%,IF(AND(S47>=91%,S47<=95%),R47*90%,IF(S47=96%,R47*96%,IF(S47=97%,R47*97%,IF(S47=98%,R47*98%,IF(S47=99%,R47*99%,IF(S47=100%,R47,0)))))))) -> 0 | V47: =+$F$4*$V$3 -> 50000 | W47: =+VLOOKUP(C47,Indicadores!B:V,21,FALSE) -> 0.9839 | X47: =IF(W47>=100%,"Cumple","No Cumple") -> No Cumple | Y47: =IF(W47=100%,V47,0) -> 0 | Z47: =IF(AND(G47>=70%,K47>=70%),"SI","NO") -> NO | AA47: =+IF(Z47="SI",Q47+U47+Y47,0) -> 0
B48: REGIONAL BOGOTA | C48: NOC_4 | D48: HECTOR MEDINA ROZO | E48: ANDREA HERRERA RAIPE | F48: =+$F$4*$G$3 -> 0 | G48: =+VLOOKUP(C48,Indicadores!B:C,2,FALSE) -> 0.77899091 | H48: =IF(G48>=70%,"Cumple","No Cumple") -> Cumple | I48: =+IF(G48>=95%,F48*G48,0) -> 0 | J48: =+$F$4*$J$3 -> 0 | K48: =+VLOOKUP(C48,Indicadores!B:F,5,FALSE) -> 1 | L48: =IF(K48>=70%,"Cumple","No Cumple") -> Cumple | M48: =+IF(K48>=95%,J48*K48,0) -> 0 | N48: =+$F$4*$N$3 -> 150000 | O48: =+VLOOKUP(C48,Indicadores!B:P,14,FALSE) -> 1 | P48: =IF(O48>=80%,"Cumple","No Cumple") -> Cumple | Q48: =IF(O48=80%,N48*70%,IF(AND(O48>=81%,O48<=90%),N48*80%,IF(AND(O48>=91%,O48<=95%),N48*90%,IF(O48=96%,N48*96%,IF(O48=97%,N48*97%,IF(O48=98%,N48*98%,IF(O48=99%,N48*99%,IF(O48=100%,N48,0)))))))) -> 150000 | R48: =+$F$4*$R$3 -> 50000 | S48: =+VLOOKUP(C48,Indicadores!B:Q,15,FALSE) -> 0.60586667 | T48: =IF(S48>=80%,"Cumple","No Cumple") -> No Cumple | U48: =IF(S48=80%,R48*70%,IF(AND(S48>=81%,S48<=90%),R48*80%,IF(AND(S48>=91%,S48<=95%),R48*90%,IF(S48=96%,R48*96%,IF(S48=97%,R48*97%,IF(S48=98%,R48*98%,IF(S48=99%,R48*99%,IF(S48=100%,R48,0)))))))) -> 0 | V48: =+$F$4*$V$3 -> 50000 | W48: =+VLOOKUP(C48,Indicadores!B:V,21,FALSE) -> 0.5 | X48: =IF(W48>=100%,"Cumple","No Cumple") -> No Cumple | Y48: =IF(W48=100%,V48,0) -> 0 | Z48: =IF(AND(G48>=70%,K48>=70%),"SI","NO") -> SI | AA48: =+IF(Z48="SI",Q48+U48+Y48,0) -> 150000
B49: REGIONAL BOGOTA | C49: NOC_5 | D49: HECTOR MEDINA ROZO | E49: ANDREA HERRERA RAIPE | F49: =+$F$4*$G$3 -> 0 | G49: =+VLOOKUP(C49,Indicadores!B:C,2,FALSE) -> 0.7494 | H49: =IF(G49>=70%,"Cumple","No Cumple") -> Cumple | I49: =+IF(G49>=95%,F49*G49,0) -> 0 | J49: =+$F$4*$J$3 -> 0 | K49: =+VLOOKUP(C49,Indicadores!B:F,5,FALSE) -> 1 | L49: =IF(K49>=70%,"Cumple","No Cumple") -> Cumple | M49: =+IF(K49>=95%,J49*K49,0) -> 0 | N49: =+$F$4*$N$3 -> 150000 | O49: 0.97 | P49: =IF(O49>=80%,"Cumple","No Cumple") -> Cumple | Q49: =IF(O49=80%,N49*70%,IF(AND(O49>=81%,O49<=90%),N49*80%,IF(AND(O49>=91%,O49<=95%),N49*90%,IF(O49=96%,N49*96%,IF(O49=97%,N49*97%,IF(O49=98%,N49*98%,IF(O49=99%,N49*99%,IF(O49=100%,N49,0)))))))) -> 145500 | R49: =+$F$4*$R$3 -> 50000 | S49: =+VLOOKUP(C49,Indicadores!B:Q,15,FALSE) -> 0.3756 | T49: =IF(S49>=80%,"Cumple","No Cumple") -> No Cumple | U49: =IF(S49=80%,R49*70%,IF(AND(S49>=81%,S49<=90%),R49*80%,IF(AND(S49>=91%,S49<=95%),R49*90%,IF(S49=96%,R49*96%,IF(S49=97%,R49*97%,IF(S49=98%,R49*98%,IF(S49=99%,R49*99%,IF(S49=100%,R49,0)))))))) -> 0 | V49: =+$F$4*$V$3 -> 50000 | W49: =+VLOOKUP(C49,Indicadores!B:V,21,FALSE) -> 0.973 | X49: =IF(W49>=100%,"Cumple","No Cumple") -> No Cumple | Y49: =IF(W49=100%,V49,0) -> 0 | Z49: =IF(AND(G49>=70%,K49>=70%),"SI","NO") -> SI | AA49: =+IF(Z49="SI",Q49+U49+Y49,0) -> 145500
B50: REGIONAL BOGOTA | C50: NOC_6 | D50: HECTOR MEDINA ROZO | E50: ANDREA HERRERA RAIPE | F50: =+$F$4*$G$3 -> 0 | G50: =+VLOOKUP(C50,Indicadores!B:C,2,FALSE) -> 0.83699091 | H50: =IF(G50>=70%,"Cumple","No Cumple") -> Cumple | I50: =+IF(G50>=95%,F50*G50,0) -> 0 | J50: =+$F$4*$J$3 -> 0 | K50: =+VLOOKUP(C50,Indicadores!B:F,5,FALSE) -> 1 | L50: =IF(K50>=70%,"Cumple","No Cumple") -> Cumple | M50: =+IF(K50>=95%,J50*K50,0) -> 0 | N50: =+$F$4*$N$3 -> 150000 | O50: =+VLOOKUP(C50,Indicadores!B:P,14,FALSE) -> 1 | P50: =IF(O50>=80%,"Cumple","No Cumple") -> Cumple | Q50: =IF(O50=80%,N50*70%,IF(AND(O50>=81%,O50<=90%),N50*80%,IF(AND(O50>=91%,O50<=95%),N50*90%,IF(O50=96%,N50*96%,IF(O50=97%,N50*97%,IF(O50=98%,N50*98%,IF(O50=99%,N50*99%,IF(O50=100%,N50,0)))))))) -> 150000 | R50: =+$F$4*$R$3 -> 50000 | S50: =+VLOOKUP(C50,Indicadores!B:Q,15,FALSE) -> 0.83046667 | T50: =IF(S50>=80%,"Cumple","No Cumple") -> Cumple | U50: =IF(S50=80%,R50*70%,IF(AND(S50>=81%,S50<=90%),R50*80%,IF(AND(S50>=91%,S50<=95%),R50*90%,IF(S50=96%,R50*96%,IF(S50=97%,R50*97%,IF(S50=98%,R50*98%,IF(S50=99%,R50*99%,IF(S50=100%,R50,0)))))))) -> 40000 | V50: =+$F$4*$V$3 -> 50000 | W50: =+VLOOKUP(C50,Indicadores!B:V,21,FALSE) -> 0.5 | X50: =IF(W50>=100%,"Cumple","No Cumple") -> No Cumple | Y50: =IF(W50=100%,V50,0) -> 0 | Z50: =IF(AND(G50>=70%,K50>=70%),"SI","NO") -> SI | AA50: =+IF(Z50="SI",Q50+U50+Y50,0) -> 190000
B51: REGIONAL BOGOTA | C51: NOC_7 | D51: HECTOR MEDINA ROZO | E51: ANDREA HERRERA RAIPE | F51: =+$F$4*$G$3 -> 0 | G51: =+VLOOKUP(C51,Indicadores!B:C,2,FALSE) -> 0.75 | H51: =IF(G51>=70%,"Cumple","No Cumple") -> Cumple | I51: =+IF(G51>=95%,F51*G51,0) -> 0 | J51: =+$F$4*$J$3 -> 0 | K51: =+VLOOKUP(C51,Indicadores!B:F,5,FALSE) -> 1 | L51: =IF(K51>=70%,"Cumple","No Cumple") -> Cumple | M51: =+IF(K51>=95%,J51*K51,0) -> 0 | N51: =+$F$4*$N$3 -> 150000 | O51: =+VLOOKUP(C51,Indicadores!B:P,14,FALSE) -> 1 | P51: =IF(O51>=80%,"Cumple","No Cumple") -> Cumple | Q51: =IF(O51=80%,N51*70%,IF(AND(O51>=81%,O51<=90%),N51*80%,IF(AND(O51>=91%,O51<=95%),N51*90%,IF(O51=96%,N51*96%,IF(O51=97%,N51*97%,IF(O51=98%,N51*98%,IF(O51=99%,N51*99%,IF(O51=100%,N51,0)))))))) -> 150000 | R51: =+$F$4*$R$3 -> 50000 | S51: =+VLOOKUP(C51,Indicadores!B:Q,15,FALSE) -> 0.3409 | T51: =IF(S51>=80%,"Cumple","No Cumple") -> No Cumple | U51: =IF(S51=80%,R51*70%,IF(AND(S51>=81%,S51<=90%),R51*80%,IF(AND(S51>=91%,S51<=95%),R51*90%,IF(S51=96%,R51*96%,IF(S51=97%,R51*97%,IF(S51=98%,R51*98%,IF(S51=99%,R51*99%,IF(S51=100%,R51,0)))))))) -> 0 | V51: =+$F$4*$V$3 -> 50000 | W51: =+VLOOKUP(C51,Indicadores!B:V,21,FALSE) -> 0.5 | X51: =IF(W51>=100%,"Cumple","No Cumple") -> No Cumple | Y51: =IF(W51=100%,V51,0) -> 0 | Z51: =IF(AND(G51>=70%,K51>=70%),"SI","NO") -> SI | AA51: =+IF(Z51="SI",Q51+U51+Y51,0) -> 150000
B52: REGIONAL BOGOTA | C52: NOC_8 | D52: HECTOR MEDINA ROZO | E52: ANDREA HERRERA RAIPE | F52: =+$F$4*$G$3 -> 0 | G52: =+VLOOKUP(C52,Indicadores!B:C,2,FALSE) -> 0.91754545 | H52: =IF(G52>=70%,"Cumple","No Cumple") -> Cumple | I52: =+IF(G52>=95%,F52*G52,0) -> 0 | J52: =+$F$4*$J$3 -> 0 | K52: =+VLOOKUP(C52,Indicadores!B:F,5,FALSE) -> 1 | L52: =IF(K52>=70%,"Cumple","No Cumple") -> Cumple | M52: =+IF(K52>=95%,J52*K52,0) -> 0 | N52: =+$F$4*$N$3 -> 150000 | O52: =+VLOOKUP(C52,Indicadores!B:P,14,FALSE) -> 1 | P52: =IF(O52>=80%,"Cumple","No Cumple") -> Cumple | Q52: =IF(O52=80%,N52*70%,IF(AND(O52>=81%,O52<=90%),N52*80%,IF(AND(O52>=91%,O52<=95%),N52*90%,IF(O52=96%,N52*96%,IF(O52=97%,N52*97%,IF(O52=98%,N52*98%,IF(O52=99%,N52*99%,IF(O52=100%,N52,0)))))))) -> 150000 | R52: =+$F$4*$R$3 -> 50000 | S52: =+VLOOKUP(C52,Indicadores!B:Q,15,FALSE) -> 0.8779 | T52: =IF(S52>=80%,"Cumple","No Cumple") -> Cumple | U52: =IF(S52=80%,R52*70%,IF(AND(S52>=81%,S52<=90%),R52*80%,IF(AND(S52>=91%,S52<=95%),R52*90%,IF(S52=96%,R52*96%,IF(S52=97%,R52*97%,IF(S52=98%,R52*98%,IF(S52=99%,R52*99%,IF(S52=100%,R52,0)))))))) -> 40000 | V52: =+$F$4*$V$3 -> 50000 | W52: =+VLOOKUP(C52,Indicadores!B:V,21,FALSE) -> 0.5 | X52: =IF(W52>=100%,"Cumple","No Cumple") -> No Cumple | Y52: =IF(W52=100%,V52,0) -> 0 | Z52: =IF(AND(G52>=70%,K52>=70%),"SI","NO") -> SI | AA52: =+IF(Z52="SI",Q52+U52+Y52,0) -> 190000
B53: REGIONAL BOGOTA | C53: NOC_9 | D53: HECTOR MEDINA ROZO | E53: ANDREA HERRERA RAIPE | F53: =+$F$4*$G$3 -> 0 | G53: =+VLOOKUP(C53,Indicadores!B:C,2,FALSE) -> 0.76043636 | H53: =IF(G53>=70%,"Cumple","No Cumple") -> Cumple | I53: =+IF(G53>=95%,F53*G53,0) -> 0 | J53: =+$F$4*$J$3 -> 0 | K53: =+VLOOKUP(C53,Indicadores!B:F,5,FALSE) -> 1 | L53: =IF(K53>=70%,"Cumple","No Cumple") -> Cumple | M53: =+IF(K53>=95%,J53*K53,0) -> 0 | N53: =+$F$4*$N$3 -> 150000 | O53: =+VLOOKUP(C53,Indicadores!B:P,14,FALSE) -> 0.9792 | P53: =IF(O53>=80%,"Cumple","No Cumple") -> Cumple | Q53: =IF(O53=80%,N53*70%,IF(AND(O53>=81%,O53<=90%),N53*80%,IF(AND(O53>=91%,O53<=95%),N53*90%,IF(O53=96%,N53*96%,IF(O53=97%,N53*97%,IF(O53=98%,N53*98%,IF(O53=99%,N53*99%,IF(O53=100%,N53,0)))))))) -> 0 | R53: =+$F$4*$R$3 -> 50000 | S53: =+VLOOKUP(C53,Indicadores!B:Q,15,FALSE) -> 0.41436667 | T53: =IF(S53>=80%,"Cumple","No Cumple") -> No Cumple | U53: =IF(S53=80%,R53*70%,IF(AND(S53>=81%,S53<=90%),R53*80%,IF(AND(S53>=91%,S53<=95%),R53*90%,IF(S53=96%,R53*96%,IF(S53=97%,R53*97%,IF(S53=98%,R53*98%,IF(S53=99%,R53*99%,IF(S53=100%,R53,0)))))))) -> 0 | V53: =+$F$4*$V$3 -> 50000 | W53: =+VLOOKUP(C53,Indicadores!B:V,21,FALSE) -> 0.4948 | X53: =IF(W53>=100%,"Cumple","No Cumple") -> No Cumple | Y53: =IF(W53=100%,V53,0) -> 0 | Z53: =IF(AND(G53>=70%,K53>=70%),"SI","NO") -> SI | AA53: =+IF(Z53="SI",Q53+U53+Y53,0) -> 0
B54: REGIONAL ANTIOQUIA | C54: CALDAS_1 | D54: MONICA GIRALDO HERNANDEZ | E54: ASTRID KARINA MEJÍA BLANDÓN | F54: =+$F$4*$G$3 -> 0 | G54: =+VLOOKUP(C54,Indicadores!B:C,2,FALSE) -> 0.75942727 | H54: =IF(G54>=70%,"Cumple","No Cumple") -> Cumple | I54: =+IF(G54>=95%,F54*G54,0) -> 0 | J54: =+$F$4*$J$3 -> 0 | K54: =+VLOOKUP(C54,Indicadores!B:F,5,FALSE) -> 1 | L54: =IF(K54>=70%,"Cumple","No Cumple") -> Cumple | M54: =+IF(K54>=95%,J54*K54,0) -> 0 | N54: =+$F$4*$N$3 -> 150000 | O54: =+VLOOKUP(C54,Indicadores!B:P,14,FALSE) -> 1 | P54: =IF(O54>=80%,"Cumple","No Cumple") -> Cumple | Q54: =IF(O54=80%,N54*70%,IF(AND(O54>=81%,O54<=90%),N54*80%,IF(AND(O54>=91%,O54<=95%),N54*90%,IF(O54=96%,N54*96%,IF(O54=97%,N54*97%,IF(O54=98%,N54*98%,IF(O54=99%,N54*99%,IF(O54=100%,N54,0)))))))) -> 150000 | R54: =+$F$4*$R$3 -> 50000 | S54: =+VLOOKUP(C54,Indicadores!B:Q,15,FALSE) -> 0.52253333 | T54: =IF(S54>=80%,"Cumple","No Cumple") -> No Cumple | U54: =IF(S54=80%,R54*70%,IF(AND(S54>=81%,S54<=90%),R54*80%,IF(AND(S54>=91%,S54<=95%),R54*90%,IF(S54=96%,R54*96%,IF(S54=97%,R54*97%,IF(S54=98%,R54*98%,IF(S54=99%,R54*99%,IF(S54=100%,R54,0)))))))) -> 0 | V54: =+$F$4*$V$3 -> 50000 | W54: =+VLOOKUP(C54,Indicadores!B:V,21,FALSE) -> 1 | X54: =IF(W54>=100%,"Cumple","No Cumple") -> Cumple | Y54: =IF(W54=100%,V54,0) -> 50000 | Z54: =IF(AND(G54>=70%,K54>=70%),"SI","NO") -> SI | AA54: =+IF(Z54="SI",Q54+U54+Y54,0) -> 200000
B55: REGIONAL ANTIOQUIA | C55: ENVIGADO_1 | D55: MONICA GIRALDO HERNANDEZ | E55: ASTRID KARINA MEJÍA BLANDÓN | F55: =+$F$4*$G$3 -> 0 | G55: =+VLOOKUP(C55,Indicadores!B:C,2,FALSE) -> 0.74545455 | H55: =IF(G55>=70%,"Cumple","No Cumple") -> Cumple | I55: =+IF(G55>=95%,F55*G55,0) -> 0 | J55: =+$F$4*$J$3 -> 0 | K55: =+VLOOKUP(C55,Indicadores!B:F,5,FALSE) -> 1 | L55: =IF(K55>=70%,"Cumple","No Cumple") -> Cumple | M55: =+IF(K55>=95%,J55*K55,0) -> 0 | N55: =+$F$4*$N$3 -> 150000 | O55: =+VLOOKUP(C55,Indicadores!B:P,14,FALSE) -> 0.98 | P55: =IF(O55>=80%,"Cumple","No Cumple") -> Cumple | Q55: =IF(O55=80%,N55*70%,IF(AND(O55>=81%,O55<=90%),N55*80%,IF(AND(O55>=91%,O55<=95%),N55*90%,IF(O55=96%,N55*96%,IF(O55=97%,N55*97%,IF(O55=98%,N55*98%,IF(O55=99%,N55*99%,IF(O55=100%,N55,0)))))))) -> 147000 | R55: =+$F$4*$R$3 -> 50000 | S55: =+VLOOKUP(C55,Indicadores!B:Q,15,FALSE) -> 0.51333333 | T55: =IF(S55>=80%,"Cumple","No Cumple") -> No Cumple | U55: =IF(S55=80%,R55*70%,IF(AND(S55>=81%,S55<=90%),R55*80%,IF(AND(S55>=91%,S55<=95%),R55*90%,IF(S55=96%,R55*96%,IF(S55=97%,R55*97%,IF(S55=98%,R55*98%,IF(S55=99%,R55*99%,IF(S55=100%,R55,0)))))))) -> 0 | V55: =+$F$4*$V$3 -> 50000 | W55: =+VLOOKUP(C55,Indicadores!B:V,21,FALSE) -> 0.49 | X55: =IF(W55>=100%,"Cumple","No Cumple") -> No Cumple | Y55: =IF(W55=100%,V55,0) -> 0 | Z55: =IF(AND(G55>=70%,K55>=70%),"SI","NO") -> SI | AA55: =+IF(Z55="SI",Q55+U55+Y55,0) -> 147000
B56: REGIONAL ANTIOQUIA | C56: ENVIGADO_2 | D56: MONICA GIRALDO HERNANDEZ | E56: ASTRID KARINA MEJÍA BLANDÓN | F56: =+$F$4*$G$3 -> 0 | G56: =+VLOOKUP(C56,Indicadores!B:C,2,FALSE) -> 0.81584545 | H56: =IF(G56>=70%,"Cumple","No Cumple") -> Cumple | I56: =+IF(G56>=95%,F56*G56,0) -> 0 | J56: =+$F$4*$J$3 -> 0 | K56: =+VLOOKUP(C56,Indicadores!B:F,5,FALSE) -> 1 | L56: =IF(K56>=70%,"Cumple","No Cumple") -> Cumple | M56: =+IF(K56>=95%,J56*K56,0) -> 0 | N56: =+$F$4*$N$3 -> 150000 | O56: =+VLOOKUP(C56,Indicadores!B:P,14,FALSE) -> 1 | P56: =IF(O56>=80%,"Cumple","No Cumple") -> Cumple | Q56: =IF(O56=80%,N56*70%,IF(AND(O56>=81%,O56<=90%),N56*80%,IF(AND(O56>=91%,O56<=95%),N56*90%,IF(O56=96%,N56*96%,IF(O56=97%,N56*97%,IF(O56=98%,N56*98%,IF(O56=99%,N56*99%,IF(O56=100%,N56,0)))))))) -> 150000 | R56: =+$F$4*$R$3 -> 50000 | S56: =+VLOOKUP(C56,Indicadores!B:Q,15,FALSE) -> 0.57356667 | T56: =IF(S56>=80%,"Cumple","No Cumple") -> No Cumple | U56: =IF(S56=80%,R56*70%,IF(AND(S56>=81%,S56<=90%),R56*80%,IF(AND(S56>=91%,S56<=95%),R56*90%,IF(S56=96%,R56*96%,IF(S56=97%,R56*97%,IF(S56=98%,R56*98%,IF(S56=99%,R56*99%,IF(S56=100%,R56,0)))))))) -> 0 | V56: =+$F$4*$V$3 -> 50000 | W56: =+VLOOKUP(C56,Indicadores!B:V,21,FALSE) -> 0.5 | X56: =IF(W56>=100%,"Cumple","No Cumple") -> No Cumple | Y56: =IF(W56=100%,V56,0) -> 0 | Z56: =IF(AND(G56>=70%,K56>=70%),"SI","NO") -> SI | AA56: =+IF(Z56="SI",Q56+U56+Y56,0) -> 150000
B57: REGIONAL ANTIOQUIA | C57: ENVIGADO_3 | D57: MONICA GIRALDO HERNANDEZ | E57: ASTRID KARINA MEJÍA BLANDÓN | F57: =+$F$4*$G$3 -> 0 | G57: =+VLOOKUP(C57,Indicadores!B:C,2,FALSE) -> 0.85741818 | H57: =IF(G57>=70%,"Cumple","No Cumple") -> Cumple | I57: =+IF(G57>=95%,F57*G57,0) -> 0 | J57: =+$F$4*$J$3 -> 0 | K57: =+VLOOKUP(C57,Indicadores!B:F,5,FALSE) -> 0.95 | L57: =IF(K57>=70%,"Cumple","No Cumple") -> Cumple | M57: =+IF(K57>=95%,J57*K57,0) -> 0 | N57: =+$F$4*$N$3 -> 150000 | O57: =+VLOOKUP(C57,Indicadores!B:P,14,FALSE) -> 1 | P57: =IF(O57>=80%,"Cumple","No Cumple") -> Cumple | Q57: =IF(O57=80%,N57*70%,IF(AND(O57>=81%,O57<=90%),N57*80%,IF(AND(O57>=91%,O57<=95%),N57*90%,IF(O57=96%,N57*96%,IF(O57=97%,N57*97%,IF(O57=98%,N57*98%,IF(O57=99%,N57*99%,IF(O57=100%,N57,0)))))))) -> 150000 | R57: =+$F$4*$R$3 -> 50000 | S57: =+VLOOKUP(C57,Indicadores!B:Q,15,FALSE) -> 0.73606667 | T57: =IF(S57>=80%,"Cumple","No Cumple") -> No Cumple | U57: =IF(S57=80%,R57*70%,IF(AND(S57>=81%,S57<=90%),R57*80%,IF(AND(S57>=91%,S57<=95%),R57*90%,IF(S57=96%,R57*96%,IF(S57=97%,R57*97%,IF(S57=98%,R57*98%,IF(S57=99%,R57*99%,IF(S57=100%,R57,0)))))))) -> 0 | V57: =+$F$4*$V$3 -> 50000 | W57: =+VLOOKUP(C57,Indicadores!B:V,21,FALSE) -> 0.5 | X57: =IF(W57>=100%,"Cumple","No Cumple") -> No Cumple | Y57: =IF(W57=100%,V57,0) -> 0 | Z57: =IF(AND(G57>=70%,K57>=70%),"SI","NO") -> SI | AA57: =+IF(Z57="SI",Q57+U57+Y57,0) -> 150000
B58: REGIONAL ANTIOQUIA | C58: ITAGUI_1 | D58: MONICA GIRALDO HERNANDEZ | E58: ASTRID KARINA MEJÍA BLANDÓN | F58: =+$F$4*$G$3 -> 0 | G58: =+VLOOKUP(C58,Indicadores!B:C,2,FALSE) -> 0.81049091 | H58: =IF(G58>=70%,"Cumple","No Cumple") -> Cumple | I58: =+IF(G58>=95%,F58*G58,0) -> 0 | J58: =+$F$4*$J$3 -> 0 | K58: =+VLOOKUP(C58,Indicadores!B:F,5,FALSE) -> 1 | L58: =IF(K58>=70%,"Cumple","No Cumple") -> Cumple | M58: =+IF(K58>=95%,J58*K58,0) -> 0 | N58: =+$F$4*$N$3 -> 150000 | O58: =+VLOOKUP(C58,Indicadores!B:P,14,FALSE) -> 1 | P58: =IF(O58>=80%,"Cumple","No Cumple") -> Cumple | Q58: =IF(O58=80%,N58*70%,IF(AND(O58>=81%,O58<=90%),N58*80%,IF(AND(O58>=91%,O58<=95%),N58*90%,IF(O58=96%,N58*96%,IF(O58=97%,N58*97%,IF(O58=98%,N58*98%,IF(O58=99%,N58*99%,IF(O58=100%,N58,0)))))))) -> 150000 | R58: =+$F$4*$R$3 -> 50000 | S58: =+VLOOKUP(C58,Indicadores!B:Q,15,FALSE) -> 0.46286667 | T58: =IF(S58>=80%,"Cumple","No Cumple") -> No Cumple | U58: =IF(S58=80%,R58*70%,IF(AND(S58>=81%,S58<=90%),R58*80%,IF(AND(S58>=91%,S58<=95%),R58*90%,IF(S58=96%,R58*96%,IF(S58=97%,R58*97%,IF(S58=98%,R58*98%,IF(S58=99%,R58*99%,IF(S58=100%,R58,0)))))))) -> 0 | V58: =+$F$4*$V$3 -> 50000 | W58: =+VLOOKUP(C58,Indicadores!B:V,21,FALSE) -> 0.5 | X58: =IF(W58>=100%,"Cumple","No Cumple") -> No Cumple | Y58: =IF(W58=100%,V58,0) -> 0 | Z58: =IF(AND(G58>=70%,K58>=70%),"SI","NO") -> SI | AA58: =+IF(Z58="SI",Q58+U58+Y58,0) -> 150000
B59: REGIONAL ANTIOQUIA | C59: MEDELLIN_1 | D59: MONICA GIRALDO HERNANDEZ | E59: ASTRID KARINA MEJÍA BLANDÓN | F59: =+$F$4*$G$3 -> 0 | G59: =+VLOOKUP(C59,Indicadores!B:C,2,FALSE) -> 0.79825455 | H59: =IF(G59>=70%,"Cumple","No Cumple") -> Cumple | I59: =+IF(G59>=95%,F59*G59,0) -> 0 | J59: =+$F$4*$J$3 -> 0 | K59: =+VLOOKUP(C59,Indicadores!B:F,5,FALSE) -> 1 | L59: =IF(K59>=70%,"Cumple","No Cumple") -> Cumple | M59: =+IF(K59>=95%,J59*K59,0) -> 0 | N59: =+$F$4*$N$3 -> 150000 | O59: =+VLOOKUP(C59,Indicadores!B:P,14,FALSE) -> 1 | P59: =IF(O59>=80%,"Cumple","No Cumple") -> Cumple | Q59: =IF(O59=80%,N59*70%,IF(AND(O59>=81%,O59<=90%),N59*80%,IF(AND(O59>=91%,O59<=95%),N59*90%,IF(O59=96%,N59*96%,IF(O59=97%,N59*97%,IF(O59=98%,N59*98%,IF(O59=99%,N59*99%,IF(O59=100%,N59,0)))))))) -> 150000 | R59: =+$F$4*$R$3 -> 50000 | S59: =+VLOOKUP(C59,Indicadores!B:Q,15,FALSE) -> 0.3611 | T59: =IF(S59>=80%,"Cumple","No Cumple") -> No Cumple | U59: =IF(S59=80%,R59*70%,IF(AND(S59>=81%,S59<=90%),R59*80%,IF(AND(S59>=91%,S59<=95%),R59*90%,IF(S59=96%,R59*96%,IF(S59=97%,R59*97%,IF(S59=98%,R59*98%,IF(S59=99%,R59*99%,IF(S59=100%,R59,0)))))))) -> 0 | V59: =+$F$4*$V$3 -> 50000 | W59: =+VLOOKUP(C59,Indicadores!B:V,21,FALSE) -> 1 | X59: =IF(W59>=100%,"Cumple","No Cumple") -> Cumple | Y59: =IF(W59=100%,V59,0) -> 50000 | Z59: =IF(AND(G59>=70%,K59>=70%),"SI","NO") -> SI | AA59: =+IF(Z59="SI",Q59+U59+Y59,0) -> 200000
B60: REGIONAL ANTIOQUIA | C60: MEDELLIN_13 | D60: MONICA GIRALDO HERNANDEZ | E60: ASTRID KARINA MEJÍA BLANDÓN | F60: =+$F$4*$G$3 -> 0 | G60: =+VLOOKUP(C60,Indicadores!B:C,2,FALSE) -> 0.76489091 | H60: =IF(G60>=70%,"Cumple","No Cumple") -> Cumple | I60: =+IF(G60>=95%,F60*G60,0) -> 0 | J60: =+$F$4*$J$3 -> 0 | K60: =+VLOOKUP(C60,Indicadores!B:F,5,FALSE) -> 0.92307692 | L60: =IF(K60>=70%,"Cumple","No Cumple") -> Cumple | M60: =+IF(K60>=95%,J60*K60,0) -> 0 | N60: =+$F$4*$N$3 -> 150000 | O60: =+VLOOKUP(C60,Indicadores!B:P,14,FALSE) -> 1 | P60: =IF(O60>=80%,"Cumple","No Cumple") -> Cumple | Q60: =IF(O60=80%,N60*70%,IF(AND(O60>=81%,O60<=90%),N60*80%,IF(AND(O60>=91%,O60<=95%),N60*90%,IF(O60=96%,N60*96%,IF(O60=97%,N60*97%,IF(O60=98%,N60*98%,IF(O60=99%,N60*99%,IF(O60=100%,N60,0)))))))) -> 150000 | R60: =+$F$4*$R$3 -> 50000 | S60: =+VLOOKUP(C60,Indicadores!B:Q,15,FALSE) -> 0.50383333 | T60: =IF(S60>=80%,"Cumple","No Cumple") -> No Cumple | U60: =IF(S60=80%,R60*70%,IF(AND(S60>=81%,S60<=90%),R60*80%,IF(AND(S60>=91%,S60<=95%),R60*90%,IF(S60=96%,R60*96%,IF(S60=97%,R60*97%,IF(S60=98%,R60*98%,IF(S60=99%,R60*99%,IF(S60=100%,R60,0)))))))) -> 0 | V60: =+$F$4*$V$3 -> 50000 | W60: =+VLOOKUP(C60,Indicadores!B:V,21,FALSE) -> 0.5 | X60: =IF(W60>=100%,"Cumple","No Cumple") -> No Cumple | Y60: =IF(W60=100%,V60,0) -> 0 | Z60: =IF(AND(G60>=70%,K60>=70%),"SI","NO") -> SI | AA60: =+IF(Z60="SI",Q60+U60+Y60,0) -> 150000
B61: REGIONAL ANTIOQUIA | C61: MEDELLIN_14 | D61: MONICA GIRALDO HERNANDEZ | E61: ASTRID KARINA MEJÍA BLANDÓN | F61: =+$F$4*$G$3 -> 0 | G61: =+VLOOKUP(C61,Indicadores!B:C,2,FALSE) -> 0.79330909 | H61: =IF(G61>=70%,"Cumple","No Cumple") -> Cumple | I61: =+IF(G61>=95%,F61*G61,0) -> 0 | J61: =+$F$4*$J$3 -> 0 | K61: =+VLOOKUP(C61,Indicadores!B:F,5,FALSE) -> 1 | L61: =IF(K61>=70%,"Cumple","No Cumple") -> Cumple | M61: =+IF(K61>=95%,J61*K61,0) -> 0 | N61: =+$F$4*$N$3 -> 150000 | O61: =+VLOOKUP(C61,Indicadores!B:P,14,FALSE) -> 1 | P61: =IF(O61>=80%,"Cumple","No Cumple") -> Cumple | Q61: =IF(O61=80%,N61*70%,IF(AND(O61>=81%,O61<=90%),N61*80%,IF(AND(O61>=91%,O61<=95%),N61*90%,IF(O61=96%,N61*96%,IF(O61=97%,N61*97%,IF(O61=98%,N61*98%,IF(O61=99%,N61*99%,IF(O61=100%,N61,0)))))))) -> 150000 | R61: =+$F$4*$R$3 -> 50000 | S61: =+VLOOKUP(C61,Indicadores!B:Q,15,FALSE) -> 0.61666667 | T61: =IF(S61>=80%,"Cumple","No Cumple") -> No Cumple | U61: =IF(S61=80%,R61*70%,IF(AND(S61>=81%,S61<=90%),R61*80%,IF(AND(S61>=91%,S61<=95%),R61*90%,IF(S61=96%,R61*96%,IF(S61=97%,R61*97%,IF(S61=98%,R61*98%,IF(S61=99%,R61*99%,IF(S61=100%,R61,0)))))))) -> 0 | V61: =+$F$4*$V$3 -> 50000 | W61: =+VLOOKUP(C61,Indicadores!B:V,21,FALSE) -> 1 | X61: =IF(W61>=100%,"Cumple","No Cumple") -> Cumple | Y61: =IF(W61=100%,V61,0) -> 50000 | Z61: =IF(AND(G61>=70%,K61>=70%),"SI","NO") -> SI | AA61: =+IF(Z61="SI",Q61+U61+Y61,0) -> 200000
... B68: REGIONAL ATLANTICO | C68: BARRANQUILLA_1 | D68: MONICA GIRALDO HERNANDEZ | E68: AUGUSTO EDUARDO PEREZ ZAGARRA | F68: =+$F$4*$G$3 -> 0 | G68: =+VLOOKUP(C68,Indicadores!B:C,2,FALSE) -> 0.81913636 | H68: =IF(G68>=70%,"Cumple","No Cumple") -> Cumple | I68: =+IF(G68>=95%,F68*G68,0) -> 0 | J68: =+$F$4*$J$3 -> 0 | K68: =+VLOOKUP(C68,Indicadores!B:F,5,FALSE) -> 0.9047619 | L68: =IF(K68>=70%,"Cumple","No Cumple") -> Cumple | M68: =+IF(K68>=95%,J68*K68,0) -> 0 | N68: =+$F$4*$N$3 -> 150000 | O68: =+VLOOKUP(C68,Indicadores!B:P,14,FALSE) -> 1 | P68: =IF(O68>=80%,"Cumple","No Cumple") -> Cumple | Q68: =IF(O68=80%,N68*70%,IF(AND(O68>=81%,O68<=90%),N68*80%,IF(AND(O68>=91%,O68<=95%),N68*90%,IF(O68=96%,N68*96%,IF(O68=97%,N68*97%,IF(O68=98%,N68*98%,IF(O68=99%,N68*99%,IF(O68=100%,N68,0)))))))) -> 150000 | R68: =+$F$4*$R$3 -> 50000 | S68: =+VLOOKUP(C68,Indicadores!B:Q,15,FALSE) -> 0.53403333 | T68: =IF(S68>=80%,"Cumple","No Cumple") -> No Cumple | U68: =IF(S68=80%,R68*70%,IF(AND(S68>=81%,S68<=90%),R68*80%,IF(AND(S68>=91%,S68<=95%),R68*90%,IF(S68=96%,R68*96%,IF(S68=97%,R68*97%,IF(S68=98%,R68*98%,IF(S68=99%,R68*99%,IF(S68=100%,R68,0)))))))) -> 0 | V68: =+$F$4*$V$3 -> 50000 | W68: =+VLOOKUP(C68,Indicadores!B:V,21,FALSE) -> 0.5 | X68: =IF(W68>=100%,"Cumple","No Cumple") -> No Cumple | Y68: =IF(W68=100%,V68,0) -> 0 | Z68: =IF(AND(G68>=70%,K68>=70%),"SI","NO") -> SI | AA68: =+IF(Z68="SI",Q68+U68+Y68,0) -> 150000
B69: REGIONAL ATLANTICO | C69: BARRANQUILLA_2 | D69: MONICA GIRALDO HERNANDEZ | E69: AUGUSTO EDUARDO PEREZ ZAGARRA | F69: =+$F$4*$G$3 -> 0 | G69: =+VLOOKUP(C69,Indicadores!B:C,2,FALSE) -> 0.81587273 | H69: =IF(G69>=70%,"Cumple","No Cumple") -> Cumple | I69: =+IF(G69>=95%,F69*G69,0) -> 0 | J69: =+$F$4*$J$3 -> 0 | K69: =+VLOOKUP(C69,Indicadores!B:F,5,FALSE) -> 0.95454545 | L69: =IF(K69>=70%,"Cumple","No Cumple") -> Cumple | M69: =+IF(K69>=95%,J69*K69,0) -> 0 | N69: =+$F$4*$N$3 -> 150000 | O69: 0.97 | P69: =IF(O69>=80%,"Cumple","No Cumple") -> Cumple | Q69: =IF(O69=80%,N69*70%,IF(AND(O69>=81%,O69<=90%),N69*80%,IF(AND(O69>=91%,O69<=95%),N69*90%,IF(O69=96%,N69*96%,IF(O69=97%,N69*97%,IF(O69=98%,N69*98%,IF(O69=99%,N69*99%,IF(O69=100%,N69,0)))))))) -> 145500 | R69: =+$F$4*$R$3 -> 50000 | S69: =+VLOOKUP(C69,Indicadores!B:Q,15,FALSE) -> 0.59846667 | T69: =IF(S69>=80%,"Cumple","No Cumple") -> No Cumple | U69: =IF(S69=80%,R69*70%,IF(AND(S69>=81%,S69<=90%),R69*80%,IF(AND(S69>=91%,S69<=95%),R69*90%,IF(S69=96%,R69*96%,IF(S69=97%,R69*97%,IF(S69=98%,R69*98%,IF(S69=99%,R69*99%,IF(S69=100%,R69,0)))))))) -> 0 | V69: =+$F$4*$V$3 -> 50000 | W69: =+VLOOKUP(C69,Indicadores!B:V,21,FALSE) -> 0.5 | X69: =IF(W69>=100%,"Cumple","No Cumple") -> No Cumple | Y69: =IF(W69=100%,V69,0) -> 0 | Z69: =IF(AND(G69>=70%,K69>=70%),"SI","NO") -> SI | AA69: =+IF(Z69="SI",Q69+U69+Y69,0) -> 145500
B70: REGIONAL ATLANTICO | C70: BARRANQUILLA_3 | D70: MONICA GIRALDO HERNANDEZ | E70: AUGUSTO EDUARDO PEREZ ZAGARRA | F70: =+$F$4*$G$3 -> 0 | G70: 0.7 | H70: =IF(G70>=70%,"Cumple","No Cumple") -> Cumple | I70: =+IF(G70>=95%,F70*G70,0) -> 0 | J70: =+$F$4*$J$3 -> 0 | K70: =+VLOOKUP(C70,Indicadores!B:F,5,FALSE) -> 0.96428571 | L70: =IF(K70>=70%,"Cumple","No Cumple") -> Cumple | M70: =+IF(K70>=95%,J70*K70,0) -> 0 | N70: =+$F$4*$N$3 -> 150000 | O70: =+VLOOKUP(C70,Indicadores!B:P,14,FALSE) -> 1 | P70: =IF(O70>=80%,"Cumple","No Cumple") -> Cumple | Q70: =IF(O70=80%,N70*70%,IF(AND(O70>=81%,O70<=90%),N70*80%,IF(AND(O70>=91%,O70<=95%),N70*90%,IF(O70=96%,N70*96%,IF(O70=97%,N70*97%,IF(O70=98%,N70*98%,IF(O70=99%,N70*99%,IF(O70=100%,N70,0)))))))) -> 150000 | R70: =+$F$4*$R$3 -> 50000 | S70: =+VLOOKUP(C70,Indicadores!B:Q,15,FALSE) -> 0.91533333 | T70: =IF(S70>=80%,"Cumple","No Cumple") -> Cumple | U70: =IF(S70=80%,R70*70%,IF(AND(S70>=81%,S70<=90%),R70*80%,IF(AND(S70>=91%,S70<=95%),R70*90%,IF(S70=96%,R70*96%,IF(S70=97%,R70*97%,IF(S70=98%,R70*98%,IF(S70=99%,R70*99%,IF(S70=100%,R70,0)))))))) -> 45000 | V70: =+$F$4*$V$3 -> 50000 | W70: =+VLOOKUP(C70,Indicadores!B:V,21,FALSE) -> 0.5 | X70: =IF(W70>=100%,"Cumple","No Cumple") -> No Cumple | Y70: =IF(W70=100%,V70,0) -> 0 | Z70: =IF(AND(G70>=70%,K70>=70%),"SI","NO") -> SI | AA70: =+IF(Z70="SI",Q70+U70+Y70,0) -> 195000
B71: REGIONAL ATLANTICO | C71: BARRANQUILLA_4 | D71: MONICA GIRALDO HERNANDEZ | E71: AUGUSTO EDUARDO PEREZ ZAGARRA | F71: =+$F$4*$G$3 -> 0 | G71: =+VLOOKUP(C71,Indicadores!B:C,2,FALSE) -> 0.80165455 | H71: =IF(G71>=70%,"Cumple","No Cumple") -> Cumple | I71: =+IF(G71>=95%,F71*G71,0) -> 0 | J71: =+$F$4*$J$3 -> 0 | K71: =+VLOOKUP(C71,Indicadores!B:F,5,FALSE) -> 1 | L71: =IF(K71>=70%,"Cumple","No Cumple") -> Cumple | M71: =+IF(K71>=95%,J71*K71,0) -> 0 | N71: =+$F$4*$N$3 -> 150000 | O71: =+VLOOKUP(C71,Indicadores!B:P,14,FALSE) -> 1 | P71: =IF(O71>=80%,"Cumple","No Cumple") -> Cumple | Q71: =IF(O71=80%,N71*70%,IF(AND(O71>=81%,O71<=90%),N71*80%,IF(AND(O71>=91%,O71<=95%),N71*90%,IF(O71=96%,N71*96%,IF(O71=97%,N71*97%,IF(O71=98%,N71*98%,IF(O71=99%,N71*99%,IF(O71=100%,N71,0)))))))) -> 150000 | R71: =+$F$4*$R$3 -> 50000 | S71: =+VLOOKUP(C71,Indicadores!B:Q,15,FALSE) -> 0.6134 | T71: =IF(S71>=80%,"Cumple","No Cumple") -> No Cumple | U71: =IF(S71=80%,R71*70%,IF(AND(S71>=81%,S71<=90%),R71*80%,IF(AND(S71>=91%,S71<=95%),R71*90%,IF(S71=96%,R71*96%,IF(S71=97%,R71*97%,IF(S71=98%,R71*98%,IF(S71=99%,R71*99%,IF(S71=100%,R71,0)))))))) -> 0 | V71: =+$F$4*$V$3 -> 50000 | W71: =+VLOOKUP(C71,Indicadores!B:V,21,FALSE) -> 0.5 | X71: =IF(W71>=100%,"Cumple","No Cumple") -> No Cumple | Y71: =IF(W71=100%,V71,0) -> 0 | Z71: =IF(AND(G71>=70%,K71>=70%),"SI","NO") -> SI | AA71: =+IF(Z71="SI",Q71+U71+Y71,0) -> 150000
B72: REGIONAL ATLANTICO | C72: BARRANQUILLA_5 | D72: MONICA GIRALDO HERNANDEZ | E72: AUGUSTO EDUARDO PEREZ ZAGARRA | F72: =+$F$4*$G$3 -> 0 | G72: =+VLOOKUP(C72,Indicadores!B:C,2,FALSE) -> 0.76715455 | H72: =IF(G72>=70%,"Cumple","No Cumple") -> Cumple | I72: =+IF(G72>=95%,F72*G72,0) -> 0 | J72: =+$F$4*$J$3 -> 0 | K72: =+VLOOKUP(C72,Indicadores!B:F,5,FALSE) -> 0.88888889 | L72: =IF(K72>=70%,"Cumple","No Cumple") -> Cumple | M72: =+IF(K72>=95%,J72*K72,0) -> 0 | N72: =+$F$4*$N$3 -> 150000 | O72: =+VLOOKUP(C72,Indicadores!B:P,14,FALSE) -> 1 | P72: =IF(O72>=80%,"Cumple","No Cumple") -> Cumple | Q72: =IF(O72=80%,N72*70%,IF(AND(O72>=81%,O72<=90%),N72*80%,IF(AND(O72>=91%,O72<=95%),N72*90%,IF(O72=96%,N72*96%,IF(O72=97%,N72*97%,IF(O72=98%,N72*98%,IF(O72=99%,N72*99%,IF(O72=100%,N72,0)))))))) -> 150000 | R72: =+$F$4*$R$3 -> 50000 | S72: =+VLOOKUP(C72,Indicadores!B:Q,15,FALSE) -> 0.44443333 | T72: =IF(S72>=80%,"Cumple","No Cumple") -> No Cumple | U72: =IF(S72=80%,R72*70%,IF(AND(S72>=81%,S72<=90%),R72*80%,IF(AND(S72>=91%,S72<=95%),R72*90%,IF(S72=96%,R72*96%,IF(S72=97%,R72*97%,IF(S72=98%,R72*98%,IF(S72=99%,R72*99%,IF(S72=100%,R72,0)))))))) -> 0 | V72: =+$F$4*$V$3 -> 50000 | W72: =+VLOOKUP(C72,Indicadores!B:V,21,FALSE) -> 1 | X72: =IF(W72>=100%,"Cumple","No Cumple") -> Cumple | Y72: =IF(W72=100%,V72,0) -> 50000 | Z72: =IF(AND(G72>=70%,K72>=70%),"SI","NO") -> SI | AA72: =+IF(Z72="SI",Q72+U72+Y72,0) -> 200000
B73: REGIONAL COSTA PERIFERIA | C73: CARTAGENA_1 | D73: MONICA GIRALDO HERNANDEZ | E73: AUGUSTO EDUARDO PEREZ ZAGARRA | F73: =+$F$4*$G$3 -> 0 | G73: =+VLOOKUP(C73,Indicadores!B:C,2,FALSE) -> 0.85227273 | H73: =IF(G73>=70%,"Cumple","No Cumple") -> Cumple | I73: =+IF(G73>=95%,F73*G73,0) -> 0 | J73: =+$F$4*$J$3 -> 0 | K73: =+VLOOKUP(C73,Indicadores!B:F,5,FALSE) -> 1 | L73: =IF(K73>=70%,"Cumple","No Cumple") -> Cumple | M73: =+IF(K73>=95%,J73*K73,0) -> 0 | N73: =+$F$4*$N$3 -> 150000 | O73: =+VLOOKUP(C73,Indicadores!B:P,14,FALSE) -> 1 | P73: =IF(O73>=80%,"Cumple","No Cumple") -> Cumple | Q73: =IF(O73=80%,N73*70%,IF(AND(O73>=81%,O73<=90%),N73*80%,IF(AND(O73>=91%,O73<=95%),N73*90%,IF(O73=96%,N73*96%,IF(O73=97%,N73*97%,IF(O73=98%,N73*98%,IF(O73=99%,N73*99%,IF(O73=100%,N73,0)))))))) -> 150000 | R73: =+$F$4*$R$3 -> 50000 | S73: =+VLOOKUP(C73,Indicadores!B:Q,15,FALSE) -> 0.50556667 | T73: =IF(S73>=80%,"Cumple","No Cumple") -> No Cumple | U73: =IF(S73=80%,R73*70%,IF(AND(S73>=81%,S73<=90%),R73*80%,IF(AND(S73>=91%,S73<=95%),R73*90%,IF(S73=96%,R73*96%,IF(S73=97%,R73*97%,IF(S73=98%,R73*98%,IF(S73=99%,R73*99%,IF(S73=100%,R73,0)))))))) -> 0 | V73: =+$F$4*$V$3 -> 50000 | W73: =+VLOOKUP(C73,Indicadores!B:V,21,FALSE) -> 0.5 | X73: =IF(W73>=100%,"Cumple","No Cumple") -> No Cumple | Y73: =IF(W73=100%,V73,0) -> 0 | Z73: =IF(AND(G73>=70%,K73>=70%),"SI","NO") -> SI | AA73: =+IF(Z73="SI",Q73+U73+Y73,0) -> 150000
B74: REGIONAL COSTA PERIFERIA | C74: CARTAGENA_2 | D74: MONICA GIRALDO HERNANDEZ | E74: AUGUSTO EDUARDO PEREZ ZAGARRA | F74: =+$F$4*$G$3 -> 0 | G74: 0.8 | H74: =IF(G74>=70%,"Cumple","No Cumple") -> Cumple | I74: =+IF(G74>=95%,F74*G74,0) -> 0 | J74: =+$F$4*$J$3 -> 0 | K74: =+VLOOKUP(C74,Indicadores!B:F,5,FALSE) -> 0.96296296 | L74: =IF(K74>=70%,"Cumple","No Cumple") -> Cumple | M74: =+IF(K74>=95%,J74*K74,0) -> 0 | N74: =+$F$4*$N$3 -> 150000 | O74: 0.99 | P74: =IF(O74>=80%,"Cumple","No Cumple") -> Cumple | Q74: =IF(O74=80%,N74*70%,IF(AND(O74>=81%,O74<=90%),N74*80%,IF(AND(O74>=91%,O74<=95%),N74*90%,IF(O74=96%,N74*96%,IF(O74=97%,N74*97%,IF(O74=98%,N74*98%,IF(O74=99%,N74*99%,IF(O74=100%,N74,0)))))))) -> 148500 | R74: =+$F$4*$R$3 -> 50000 | S74: =+VLOOKUP(C74,Indicadores!B:Q,15,FALSE) -> 0.58183333 | T74: =IF(S74>=80%,"Cumple","No Cumple") -> No Cumple | U74: =IF(S74=80%,R74*70%,IF(AND(S74>=81%,S74<=90%),R74*80%,IF(AND(S74>=91%,S74<=95%),R74*90%,IF(S74=96%,R74*96%,IF(S74=97%,R74*97%,IF(S74=98%,R74*98%,IF(S74=99%,R74*99%,IF(S74=100%,R74,0)))))))) -> 0 | V74: =+$F$4*$V$3 -> 50000 | W74: =+VLOOKUP(C74,Indicadores!B:V,21,FALSE) -> 0.5 | X74: =IF(W74>=100%,"Cumple","No Cumple") -> No Cumple | Y74: =IF(W74=100%,V74,0) -> 0 | Z74: =IF(AND(G74>=70%,K74>=70%),"SI","NO") -> SI | AA74: =+IF(Z74="SI",Q74+U74+Y74,0) -> 148500
B75: REGIONAL COSTA PERIFERIA | C75: CARTAGENA_3 | D75: MONICA GIRALDO HERNANDEZ | E75: AUGUSTO EDUARDO PEREZ ZAGARRA | F75: =+$F$4*$G$3 -> 0 | G75: =+VLOOKUP(C75,Indicadores!B:C,2,FALSE) -> 0.77189091 | H75: =IF(G75>=70%,"Cumple","No Cumple") -> Cumple | I75: =+IF(G75>=95%,F75*G75,0) -> 0 | J75: =+$F$4*$J$3 -> 0 | K75: =+VLOOKUP(C75,Indicadores!B:F,5,FALSE) -> 0.96 | L75: =IF(K75>=70%,"Cumple","No Cumple") -> Cumple | M75: =+IF(K75>=95%,J75*K75,0) -> 0 | N75: =+$F$4*$N$3 -> 150000 | O75: =+VLOOKUP(C75,Indicadores!B:P,14,FALSE) -> 1 | P75: =IF(O75>=80%,"Cumple","No Cumple") -> Cumple | Q75: =IF(O75=80%,N75*70%,IF(AND(O75>=81%,O75<=90%),N75*80%,IF(AND(O75>=91%,O75<=95%),N75*90%,IF(O75=96%,N75*96%,IF(O75=97%,N75*97%,IF(O75=98%,N75*98%,IF(O75=99%,N75*99%,IF(O75=100%,N75,0)))))))) -> 150000 | R75: =+$F$4*$R$3 -> 50000 | S75: =+VLOOKUP(C75,Indicadores!B:Q,15,FALSE) -> 0.4498 | T75: =IF(S75>=80%,"Cumple","No Cumple") -> No Cumple | U75: =IF(S75=80%,R75*70%,IF(AND(S75>=81%,S75<=90%),R75*80%,IF(AND(S75>=91%,S75<=95%),R75*90%,IF(S75=96%,R75*96%,IF(S75=97%,R75*97%,IF(S75=98%,R75*98%,IF(S75=99%,R75*99%,IF(S75=100%,R75,0)))))))) -> 0 | V75: =+$F$4*$V$3 -> 50000 | W75: =+VLOOKUP(C75,Indicadores!B:V,21,FALSE) -> 0.5 | X75: =IF(W75>=100%,"Cumple","No Cumple") -> No Cumple | Y75: =IF(W75=100%,V75,0) -> 0 | Z75: =IF(AND(G75>=70%,K75>=70%),"SI","NO") -> SI | AA75: =+IF(Z75="SI",Q75+U75+Y75,0) -> 150000
B76: REGIONAL COSTA PERIFERIA | C76: SANTA MARTA_1 | D76: MONICA GIRALDO HERNANDEZ | E76: AUGUSTO EDUARDO PEREZ ZAGARRA | F76: =+$F$4*$G$3 -> 0 | G76: =+VLOOKUP(C76,Indicadores!B:C,2,FALSE) -> 0.79692727 | H76: =IF(G76>=70%,"Cumple","No Cumple") -> Cumple | I76: =+IF(G76>=95%,F76*G76,0) -> 0 | J76: =+$F$4*$J$3 -> 0 | K76: =+VLOOKUP(C76,Indicadores!B:F,5,FALSE) -> 1 | L76: =IF(K76>=70%,"Cumple","No Cumple") -> Cumple | M76: =+IF(K76>=95%,J76*K76,0) -> 0 | N76: =+$F$4*$N$3 -> 150000 | O76: 0.98 | P76: =IF(O76>=80%,"Cumple","No Cumple") -> Cumple | Q76: =IF(O76=80%,N76*70%,IF(AND(O76>=81%,O76<=90%),N76*80%,IF(AND(O76>=91%,O76<=95%),N76*90%,IF(O76=96%,N76*96%,IF(O76=97%,N76*97%,IF(O76=98%,N76*98%,IF(O76=99%,N76*99%,IF(O76=100%,N76,0)))))))) -> 147000 | R76: =+$F$4*$R$3 -> 50000 | S76: =+VLOOKUP(C76,Indicadores!B:Q,15,FALSE) -> 0.59493333 | T76: =IF(S76>=80%,"Cumple","No Cumple") -> No Cumple | U76: =IF(S76=80%,R76*70%,IF(AND(S76>=81%,S76<=90%),R76*80%,IF(AND(S76>=91%,S76<=95%),R76*90%,IF(S76=96%,R76*96%,IF(S76=97%,R76*97%,IF(S76=98%,R76*98%,IF(S76=99%,R76*99%,IF(S76=100%,R76,0)))))))) -> 0 | V76: =+$F$4*$V$3 -> 50000 | W76: =+VLOOKUP(C76,Indicadores!B:V,21,FALSE) -> 0.4947 | X76: =IF(W76>=100%,"Cumple","No Cumple") -> No Cumple | Y76: =IF(W76=100%,V76,0) -> 0 | Z76: =IF(AND(G76>=70%,K76>=70%),"SI","NO") -> SI | AA76: =+IF(Z76="SI",Q76+U76+Y76,0) -> 147000
B77: REGIONAL COSTA PERIFERIA | C77: SANTA MARTA_2 | D77: MONICA GIRALDO HERNANDEZ | E77: AUGUSTO EDUARDO PEREZ ZAGARRA | F77: =+$F$4*$G$3 -> 0 | G77: =+VLOOKUP(C77,Indicadores!B:C,2,FALSE) -> 0.76105455 | H77: =IF(G77>=70%,"Cumple","No Cumple") -> Cumple | I77: =+IF(G77>=95%,F77*G77,0) -> 0 | J77: =+$F$4*$J$3 -> 0 | K77: =+VLOOKUP(C77,Indicadores!B:F,5,FALSE) -> 1 | L77: =IF(K77>=70%,"Cumple","No Cumple") -> Cumple | M77: =+IF(K77>=95%,J77*K77,0) -> 0 | N77: =+$F$4*$N$3 -> 150000 | O77: 0.98 | P77: =IF(O77>=80%,"Cumple","No Cumple") -> Cumple | Q77: =IF(O77=80%,N77*70%,IF(AND(O77>=81%,O77<=90%),N77*80%,IF(AND(O77>=91%,O77<=95%),N77*90%,IF(O77=96%,N77*96%,IF(O77=97%,N77*97%,IF(O77=98%,N77*98%,IF(O77=99%,N77*99%,IF(O77=100%,N77,0)))))))) -> 147000 | R77: =+$F$4*$R$3 -> 50000 | S77: =+VLOOKUP(C77,Indicadores!B:Q,15,FALSE) -> 0.51383333 | T77: =IF(S77>=80%,"Cumple","No Cumple") -> No Cumple | U77: =IF(S77=80%,R77*70%,IF(AND(S77>=81%,S77<=90%),R77*80%,IF(AND(S77>=91%,S77<=95%),R77*90%,IF(S77=96%,R77*96%,IF(S77=97%,R77*97%,IF(S77=98%,R77*98%,IF(S77=99%,R77*99%,IF(S77=100%,R77,0)))))))) -> 0 | V77: =+$F$4*$V$3 -> 50000 | W77: =+VLOOKUP(C77,Indicadores!B:V,21,FALSE) -> 0.5 | X77: =IF(W77>=100%,"Cumple","No Cumple") -> No Cumple | Y77: =IF(W77=100%,V77,0) -> 0 | Z77: =IF(AND(G77>=70%,K77>=70%),"SI","NO") -> SI | AA77: =+IF(Z77="SI",Q77+U77+Y77,0) -> 147000
B78: REGIONAL ATLANTICO | C78: SOLEDAD_1 | D78: MONICA GIRALDO HERNANDEZ | E78: AUGUSTO EDUARDO PEREZ ZAGARRA | F78: =+$F$4*$G$3 -> 0 | G78: =+VLOOKUP(C78,Indicadores!B:C,2,FALSE) -> 0.79361818 | H78: =IF(G78>=70%,"Cumple","No Cumple") -> Cumple | I78: =+IF(G78>=95%,F78*G78,0) -> 0 | J78: =+$F$4*$J$3 -> 0 | K78: =+VLOOKUP(C78,Indicadores!B:F,5,FALSE) -> 1 | L78: =IF(K78>=70%,"Cumple","No Cumple") -> Cumple | M78: =+IF(K78>=95%,J78*K78,0) -> 0 | N78: =+$F$4*$N$3 -> 150000 | O78: =+VLOOKUP(C78,Indicadores!B:P,14,FALSE) -> 0.9865 | P78: =IF(O78>=80%,"Cumple","No Cumple") -> Cumple | Q78: =IF(O78=80%,N78*70%,IF(AND(O78>=81%,O78<=90%),N78*80%,IF(AND(O78>=91%,O78<=95%),N78*90%,IF(O78=96%,N78*96%,IF(O78=97%,N78*97%,IF(O78=98%,N78*98%,IF(O78=99%,N78*99%,IF(O78=100%,N78,0)))))))) -> 0 | R78: =+$F$4*$R$3 -> 50000 | S78: =+VLOOKUP(C78,Indicadores!B:Q,15,FALSE) -> 0.41783333 | T78: =IF(S78>=80%,"Cumple","No Cumple") -> No Cumple | U78: =IF(S78=80%,R78*70%,IF(AND(S78>=81%,S78<=90%),R78*80%,IF(AND(S78>=91%,S78<=95%),R78*90%,IF(S78=96%,R78*96%,IF(S78=97%,R78*97%,IF(S78=98%,R78*98%,IF(S78=99%,R78*99%,IF(S78=100%,R78,0)))))))) -> 0 | V78: =+$F$4*$V$3 -> 50000 | W78: =+VLOOKUP(C78,Indicadores!B:V,21,FALSE) -> 0.99325 | X78: =IF(W78>=100%,"Cumple","No Cumple") -> No Cumple | Y78: =IF(W78=100%,V78,0) -> 0 | Z78: =IF(AND(G78>=70%,K78>=70%),"SI","NO") -> SI | AA78: =+IF(Z78="SI",Q78+U78+Y78,0) -> 0
B79: REGIONAL BOGOTA | C79: VIJ_1 | D79: HECTOR MEDINA ROZO | E79: EDWIN JESSID GONZALEZ BARRANTES | F79: =+$F$4*$G$3 -> 0 | G79: =+VLOOKUP(C79,Indicadores!B:C,2,FALSE) -> 0.82598182 | H79: =IF(G79>=70%,"Cumple","No Cumple") -> Cumple | I79: =+IF(G79>=95%,F79*G79,0) -> 0 | J79: =+$F$4*$J$3 -> 0 | K79: =+VLOOKUP(C79,Indicadores!B:F,5,FALSE) -> 0.875 | L79: =IF(K79>=70%,"Cumple","No Cumple") -> Cumple | M79: =+IF(K79>=95%,J79*K79,0) -> 0 | N79: =+$F$4*$N$3 -> 150000 | O79: =+VLOOKUP(C79,Indicadores!B:P,14,FALSE) -> 1 | P79: =IF(O79>=80%,"Cumple","No Cumple") -> Cumple | Q79: =IF(O79=80%,N79*70%,IF(AND(O79>=81%,O79<=90%),N79*80%,IF(AND(O79>=91%,O79<=95%),N79*90%,IF(O79=96%,N79*96%,IF(O79=97%,N79*97%,IF(O79=98%,N79*98%,IF(O79=99%,N79*99%,IF(O79=100%,N79,0)))))))) -> 150000 | R79: =+$F$4*$R$3 -> 50000 | S79: =+VLOOKUP(C79,Indicadores!B:Q,15,FALSE) -> 0.63683333 | T79: =IF(S79>=80%,"Cumple","No Cumple") -> No Cumple | U79: =IF(S79=80%,R79*70%,IF(AND(S79>=81%,S79<=90%),R79*80%,IF(AND(S79>=91%,S79<=95%),R79*90%,IF(S79=96%,R79*96%,IF(S79=97%,R79*97%,IF(S79=98%,R79*98%,IF(S79=99%,R79*99%,IF(S79=100%,R79,0)))))))) -> 0 | V79: =+$F$4*$V$3 -> 50000 | W79: =+VLOOKUP(C79,Indicadores!B:V,21,FALSE) -> 1 | X79: =IF(W79>=100%,"Cumple","No Cumple") -> Cumple | Y79: =IF(W79=100%,V79,0) -> 50000 | Z79: =IF(AND(G79>=70%,K79>=70%),"SI","NO") -> SI | AA79: =+IF(Z79="SI",Q79+U79+Y79,0) -> 200000
B80: REGIONAL PERIFERIA | C80: VIJ_10 | D80: HECTOR MEDINA ROZO | E80: EDWIN JESSID GONZALEZ BARRANTES | F80: =+$F$4*$G$3 -> 0 | G80: =+VLOOKUP(C80,Indicadores!B:C,2,FALSE) -> 0.7612 | H80: =IF(G80>=70%,"Cumple","No Cumple") -> Cumple | I80: =+IF(G80>=95%,F80*G80,0) -> 0 | J80: =+$F$4*$J$3 -> 0 | K80: =+VLOOKUP(C80,Indicadores!B:F,5,FALSE) -> 0.77777778 | L80: =IF(K80>=70%,"Cumple","No Cumple") -> Cumple | M80: =+IF(K80>=95%,J80*K80,0) -> 0 | N80: =+$F$4*$N$3 -> 150000 | O80: =+VLOOKUP(C80,Indicadores!B:P,14,FALSE) -> 0.9851 | P80: =IF(O80>=80%,"Cumple","No Cumple") -> Cumple | Q80: =IF(O80=80%,N80*70%,IF(AND(O80>=81%,O80<=90%),N80*80%,IF(AND(O80>=91%,O80<=95%),N80*90%,IF(O80=96%,N80*96%,IF(O80=97%,N80*97%,IF(O80=98%,N80*98%,IF(O80=99%,N80*99%,IF(O80=100%,N80,0)))))))) -> 0 | R80: =+$F$4*$R$3 -> 50000 | S80: =+VLOOKUP(C80,Indicadores!B:Q,15,FALSE) -> 0.3611 | T80: =IF(S80>=80%,"Cumple","No Cumple") -> No Cumple | U80: =IF(S80=80%,R80*70%,IF(AND(S80>=81%,S80<=90%),R80*80%,IF(AND(S80>=91%,S80<=95%),R80*90%,IF(S80=96%,R80*96%,IF(S80=97%,R80*97%,IF(S80=98%,R80*98%,IF(S80=99%,R80*99%,IF(S80=100%,R80,0)))))))) -> 0 | V80: =+$F$4*$V$3 -> 50000 | W80: =+VLOOKUP(C80,Indicadores!B:V,21,FALSE) -> 0.99255 | X80: =IF(W80>=100%,"Cumple","No Cumple") -> No Cumple | Y80: =IF(W80=100%,V80,0) -> 0 | Z80: =IF(AND(G80>=70%,K80>=70%),"SI","NO") -> SI | AA80: =+IF(Z80="SI",Q80+U80+Y80,0) -> 0
B81: REGIONAL PERIFERIA | C81: VIJ_11 | D81: HECTOR MEDINA ROZO | E81: EDWIN JESSID GONZALEZ BARRANTES | F81: =+$F$4*$G$3 -> 0 | G81: =+VLOOKUP(C81,Indicadores!B:C,2,FALSE) -> 0.8284 | H81: =IF(G81>=70%,"Cumple","No Cumple") -> Cumple | I81: =+IF(G81>=95%,F81*G81,0) -> 0 | J81: =+$F$4*$J$3 -> 0 | K81: =+VLOOKUP(C81,Indicadores!B:F,5,FALSE) -> 1 | L81: =IF(K81>=70%,"Cumple","No Cumple") -> Cumple | M81: =+IF(K81>=95%,J81*K81,0) -> 0 | N81: =+$F$4*$N$3 -> 150000 | O81: =+VLOOKUP(C81,Indicadores!B:P,14,FALSE) -> 1 | P81: =IF(O81>=80%,"Cumple","No Cumple") -> Cumple | Q81: =IF(O81=80%,N81*70%,IF(AND(O81>=81%,O81<=90%),N81*80%,IF(AND(O81>=91%,O81<=95%),N81*90%,IF(O81=96%,N81*96%,IF(O81=97%,N81*97%,IF(O81=98%,N81*98%,IF(O81=99%,N81*99%,IF(O81=100%,N81,0)))))))) -> 150000 | R81: =+$F$4*$R$3 -> 50000 | S81: =+VLOOKUP(C81,Indicadores!B:Q,15,FALSE) -> 0.7643 | T81: =IF(S81>=80%,"Cumple","No Cumple") -> No Cumple | U81: =IF(S81=80%,R81*70%,IF(AND(S81>=81%,S81<=90%),R81*80%,IF(AND(S81>=91%,S81<=95%),R81*90%,IF(S81=96%,R81*96%,IF(S81=97%,R81*97%,IF(S81=98%,R81*98%,IF(S81=99%,R81*99%,IF(S81=100%,R81,0)))))))) -> 0 | V81: =+$F$4*$V$3 -> 50000 | W81: =+VLOOKUP(C81,Indicadores!B:V,21,FALSE) -> 1 | X81: =IF(W81>=100%,"Cumple","No Cumple") -> Cumple | Y81: =IF(W81=100%,V81,0) -> 50000 | Z81: =IF(AND(G81>=70%,K81>=70%),"SI","NO") -> SI | AA81: =+IF(Z81="SI",Q81+U81+Y81,0) -> 200000
B82: REGIONAL PERIFERIA | C82: VIJ_12 | D82: HECTOR MEDINA ROZO | E82: EDWIN JESSID GONZALEZ BARRANTES | F82: =+$F$4*$G$3 -> 0 | G82: =+VLOOKUP(C82,Indicadores!B:C,2,FALSE) -> 0.74914545 | H82: =IF(G82>=70%,"Cumple","No Cumple") -> Cumple | I82: =+IF(G82>=95%,F82*G82,0) -> 0 | J82: =+$F$4*$J$3 -> 0 | K82: =+VLOOKUP(C82,Indicadores!B:F,5,FALSE) -> 0.91666667 | L82: =IF(K82>=70%,"Cumple","No Cumple") -> Cumple | M82: =+IF(K82>=95%,J82*K82,0) -> 0 | N82: =+$F$4*$N$3 -> 150000 | O82: =+VLOOKUP(C82,Indicadores!B:P,14,FALSE) -> 0.9747 | P82: =IF(O82>=80%,"Cumple","No Cumple") -> Cumple | Q82: =IF(O82=80%,N82*70%,IF(AND(O82>=81%,O82<=90%),N82*80%,IF(AND(O82>=91%,O82<=95%),N82*90%,IF(O82=96%,N82*96%,IF(O82=97%,N82*97%,IF(O82=98%,N82*98%,IF(O82=99%,N82*99%,IF(O82=100%,N82,0)))))))) -> 0 | R82: =+$F$4*$R$3 -> 50000 | S82: =+VLOOKUP(C82,Indicadores!B:Q,15,FALSE) -> 0.39433333 | T82: =IF(S82>=80%,"Cumple","No Cumple") -> No Cumple | U82: =IF(S82=80%,R82*70%,IF(AND(S82>=81%,S82<=90%),R82*80%,IF(AND(S82>=91%,S82<=95%),R82*90%,IF(S82=96%,R82*96%,IF(S82=97%,R82*97%,IF(S82=98%,R82*98%,IF(S82=99%,R82*99%,IF(S82=100%,R82,0)))))))) -> 0 | V82: =+$F$4*$V$3 -> 50000 | W82: =+VLOOKUP(C82,Indicadores!B:V,21,FALSE) -> 0.962 | X82: =IF(W82>=100%,"Cumple","No Cumple") -> No Cumple | Y82: =IF(W82=100%,V82,0) -> 0 | Z82: =IF(AND(G82>=70%,K82>=70%),"SI","NO") -> SI | AA82: =+IF(Z82="SI",Q82+U82+Y82,0) -> 0
B83: REGIONAL PERIFERIA | C83: VIJ_13 | D83: HECTOR MEDINA ROZO | E83: EDWIN JESSID GONZALEZ BARRANTES | F83: =+$F$4*$G$3 -> 0 | G83: =+VLOOKUP(C83,Indicadores!B:C,2,FALSE) -> 0.78275455 | H83: =IF(G83>=70%,"Cumple","No Cumple") -> Cumple | I83: =+IF(G83>=95%,F83*G83,0) -> 0 | J83: =+$F$4*$J$3 -> 0 | K83: =+VLOOKUP(C83,Indicadores!B:F,5,FALSE) -> 0.875 | L83: =IF(K83>=70%,"Cumple","No Cumple") -> Cumple | M83: =+IF(K83>=95%,J83*K83,0) -> 0 | N83: =+$F$4*$N$3 -> 150000 | O83: =+VLOOKUP(C83,Indicadores!B:P,14,FALSE) -> 1 | P83: =IF(O83>=80%,"Cumple","No Cumple") -> Cumple | Q83: =IF(O83=80%,N83*70%,IF(AND(O83>=81%,O83<=90%),N83*80%,IF(AND(O83>=91%,O83<=95%),N83*90%,IF(O83=96%,N83*96%,IF(O83=97%,N83*97%,IF(O83=98%,N83*98%,IF(O83=99%,N83*99%,IF(O83=100%,N83,0)))))))) -> 150000 | R83: =+$F$4*$R$3 -> 50000 | S83: =+VLOOKUP(C83,Indicadores!B:Q,15,FALSE) -> 0.40563333 | T83: =IF(S83>=80%,"Cumple","No Cumple") -> No Cumple | U83: =IF(S83=80%,R83*70%,IF(AND(S83>=81%,S83<=90%),R83*80%,IF(AND(S83>=91%,S83<=95%),R83*90%,IF(S83=96%,R83*96%,IF(S83=97%,R83*97%,IF(S83=98%,R83*98%,IF(S83=99%,R83*99%,IF(S83=100%,R83,0)))))))) -> 0 | V83: =+$F$4*$V$3 -> 50000 | W83: =+VLOOKUP(C83,Indicadores!B:V,21,FALSE) -> 1 | X83: =IF(W83>=100%,"Cumple","No Cumple") -> Cumple | Y83: =IF(W83=100%,V83,0) -> 50000 | Z83: =IF(AND(G83>=70%,K83>=70%),"SI","NO") -> SI | AA83: =+IF(Z83="SI",Q83+U83+Y83,0) -> 200000
B84: REGIONAL PERIFERIA | C84: VIJ_14 | D84: HECTOR MEDINA ROZO | E84: EDWIN JESSID GONZALEZ BARRANTES | F84: =+$F$4*$G$3 -> 0 | G84: =+VLOOKUP(C84,Indicadores!B:C,2,FALSE) -> 0.7226 | H84: =IF(G84>=70%,"Cumple","No Cumple") -> Cumple | I84: =+IF(G84>=95%,F84*G84,0) -> 0 | J84: =+$F$4*$J$3 -> 0 | K84: =+VLOOKUP(C84,Indicadores!B:F,5,FALSE) -> 0.8 | L84: =IF(K84>=70%,"Cumple","No Cumple") -> Cumple | M84: =+IF(K84>=95%,J84*K84,0) -> 0 | N84: =+$F$4*$N$3 -> 150000 | O84: =+VLOOKUP(C84,Indicadores!B:P,14,FALSE) -> 0.9828 | P84: =IF(O84>=80%,"Cumple","No Cumple") -> Cumple | Q84: =IF(O84=80%,N84*70%,IF(AND(O84>=81%,O84<=90%),N84*80%,IF(AND(O84>=91%,O84<=95%),N84*90%,IF(O84=96%,N84*96%,IF(O84=97%,N84*97%,IF(O84=98%,N84*98%,IF(O84=99%,N84*99%,IF(O84=100%,N84,0)))))))) -> 0 | R84: =+$F$4*$R$3 -> 50000 | S84: =+VLOOKUP(C84,Indicadores!B:Q,15,FALSE) -> 0.3276 | T84: =IF(S84>=80%,"Cumple","No Cumple") -> No Cumple | U84: =IF(S84=80%,R84*70%,IF(AND(S84>=81%,S84<=90%),R84*80%,IF(AND(S84>=91%,S84<=95%),R84*90%,IF(S84=96%,R84*96%,IF(S84=97%,R84*97%,IF(S84=98%,R84*98%,IF(S84=99%,R84*99%,IF(S84=100%,R84,0)))))))) -> 0 | V84: =+$F$4*$V$3 -> 50000 | W84: =+VLOOKUP(C84,Indicadores!B:V,21,FALSE) -> 0.9828 | X84: =IF(W84>=100%,"Cumple","No Cumple") -> No Cumple | Y84: =IF(W84=100%,V84,0) -> 0 | Z84: =IF(AND(G84>=70%,K84>=70%),"SI","NO") -> SI | AA84: =+IF(Z84="SI",Q84+U84+Y84,0) -> 0
B85: REGIONAL PERIFERIA | C85: VIJ_15 | D85: HECTOR MEDINA ROZO | E85: EDWIN JESSID GONZALEZ BARRANTES | F85: =+$F$4*$G$3 -> 0 | G85: =+VLOOKUP(C85,Indicadores!B:C,2,FALSE) -> 0.74503636 | H85: =IF(G85>=70%,"Cumple","No Cumple") -> Cumple | I85: =+IF(G85>=95%,F85*G85,0) -> 0 | J85: =+$F$4*$J$3 -> 0 | K85: =+VLOOKUP(C85,Indicadores!B:F,5,FALSE) -> 0.94117647 | L85: =IF(K85>=70%,"Cumple","No Cumple") -> Cumple | M85: =+IF(K85>=95%,J85*K85,0) -> 0 | N85: =+$F$4*$N$3 -> 150000 | O85: =+VLOOKUP(C85,Indicadores!B:P,14,FALSE) -> 1 | P85: =IF(O85>=80%,"Cumple","No Cumple") -> Cumple | Q85: =IF(O85=80%,N85*70%,IF(AND(O85>=81%,O85<=90%),N85*80%,IF(AND(O85>=91%,O85<=95%),N85*90%,IF(O85=96%,N85*96%,IF(O85=97%,N85*97%,IF(O85=98%,N85*98%,IF(O85=99%,N85*99%,IF(O85=100%,N85,0)))))))) -> 150000 | R85: =+$F$4*$R$3 -> 50000 | S85: =+VLOOKUP(C85,Indicadores!B:Q,15,FALSE) -> 0.33333333 | T85: =IF(S85>=80%,"Cumple","No Cumple") -> No Cumple | U85: =IF(S85=80%,R85*70%,IF(AND(S85>=81%,S85<=90%),R85*80%,IF(AND(S85>=91%,S85<=95%),R85*90%,IF(S85=96%,R85*96%,IF(S85=97%,R85*97%,IF(S85=98%,R85*98%,IF(S85=99%,R85*99%,IF(S85=100%,R85,0)))))))) -> 0 | V85: =+$F$4*$V$3 -> 50000 | W85: =+VLOOKUP(C85,Indicadores!B:V,21,FALSE) -> 1 | X85: =IF(W85>=100%,"Cumple","No Cumple") -> Cumple | Y85: =IF(W85=100%,V85,0) -> 50000 | Z85: =IF(AND(G85>=70%,K85>=70%),"SI","NO") -> SI | AA85: =+IF(Z85="SI",Q85+U85+Y85,0) -> 200000
B86: REGIONAL PERIFERIA | C86: VIJ_16 | D86: HECTOR MEDINA ROZO | E86: EDWIN JESSID GONZALEZ BARRANTES | F86: =+$F$4*$G$3 -> 0 | G86: =+VLOOKUP(C86,Indicadores!B:C,2,FALSE) -> 0.79571818 | H86: =IF(G86>=70%,"Cumple","No Cumple") -> Cumple | I86: =+IF(G86>=95%,F86*G86,0) -> 0 | J86: =+$F$4*$J$3 -> 0 | K86: =+VLOOKUP(C86,Indicadores!B:F,5,FALSE) -> 0.94117647 | L86: =IF(K86>=70%,"Cumple","No Cumple") -> Cumple | M86: =+IF(K86>=95%,J86*K86,0) -> 0 | N86: =+$F$4*$N$3 -> 150000 | O86: =+VLOOKUP(C86,Indicadores!B:P,14,FALSE) -> 1 | P86: =IF(O86>=80%,"Cumple","No Cumple") -> Cumple | Q86: =IF(O86=80%,N86*70%,IF(AND(O86>=81%,O86<=90%),N86*80%,IF(AND(O86>=91%,O86<=95%),N86*90%,IF(O86=96%,N86*96%,IF(O86=97%,N86*97%,IF(O86=98%,N86*98%,IF(O86=99%,N86*99%,IF(O86=100%,N86,0)))))))) -> 150000 | R86: =+$F$4*$R$3 -> 50000 | S86: =+VLOOKUP(C86,Indicadores!B:Q,15,FALSE) -> 0.42996667 | T86: =IF(S86>=80%,"Cumple","No Cumple") -> No Cumple | U86: =IF(S86=80%,R86*70%,IF(AND(S86>=81%,S86<=90%),R86*80%,IF(AND(S86>=91%,S86<=95%),R86*90%,IF(S86=96%,R86*96%,IF(S86=97%,R86*97%,IF(S86=98%,R86*98%,IF(S86=99%,R86*99%,IF(S86=100%,R86,0)))))))) -> 0 | V86: =+$F$4*$V$3 -> 50000 | W86: =+VLOOKUP(C86,Indicadores!B:V,21,FALSE) -> 1 | X86: =IF(W86>=100%,"Cumple","No Cumple") -> Cumple | Y86: =IF(W86=100%,V86,0) -> 50000 | Z86: =IF(AND(G86>=70%,K86>=70%),"SI","NO") -> SI | AA86: =+IF(Z86="SI",Q86+U86+Y86,0) -> 200000
B87: REGIONAL PERIFERIA | C87: VIJ_17 | D87: HECTOR MEDINA ROZO | E87: EDWIN JESSID GONZALEZ BARRANTES | F87: =+$F$4*$G$3 -> 0 | G87: =+VLOOKUP(C87,Indicadores!B:C,2,FALSE) -> 0.82714545 | H87: =IF(G87>=70%,"Cumple","No Cumple") -> Cumple | I87: =+IF(G87>=95%,F87*G87,0) -> 0 | J87: =+$F$4*$J$3 -> 0 | K87: =+VLOOKUP(C87,Indicadores!B:F,5,FALSE) -> 0.84615385 | L87: =IF(K87>=70%,"Cumple","No Cumple") -> Cumple | M87: =+IF(K87>=95%,J87*K87,0) -> 0 | N87: =+$F$4*$N$3 -> 150000 | O87: =+VLOOKUP(C87,Indicadores!B:P,14,FALSE) -> 1 | P87: =IF(O87>=80%,"Cumple","No Cumple") -> Cumple | Q87: =IF(O87=80%,N87*70%,IF(AND(O87>=81%,O87<=90%),N87*80%,IF(AND(O87>=91%,O87<=95%),N87*90%,IF(O87=96%,N87*96%,IF(O87=97%,N87*97%,IF(O87=98%,N87*98%,IF(O87=99%,N87*99%,IF(O87=100%,N87,0)))))))) -> 150000 | R87: =+$F$4*$R$3 -> 50000 | S87: =+VLOOKUP(C87,Indicadores!B:Q,15,FALSE) -> 0.42756667 | T87: =IF(S87>=80%,"Cumple","No Cumple") -> No Cumple | U87: =IF(S87=80%,R87*70%,IF(AND(S87>=81%,S87<=90%),R87*80%,IF(AND(S87>=91%,S87<=95%),R87*90%,IF(S87=96%,R87*96%,IF(S87=97%,R87*97%,IF(S87=98%,R87*98%,IF(S87=99%,R87*99%,IF(S87=100%,R87,0)))))))) -> 0 | V87: =+$F$4*$V$3 -> 50000 | W87: =+VLOOKUP(C87,Indicadores!B:V,21,FALSE) -> 1 | X87: =IF(W87>=100%,"Cumple","No Cumple") -> Cumple | Y87: =IF(W87=100%,V87,0) -> 50000 | Z87: =IF(AND(G87>=70%,K87>=70%),"SI","NO") -> SI | AA87: =+IF(Z87="SI",Q87+U87+Y87,0) -> 200000
B88: REGIONAL BOGOTA | C88: VIJ_2 | D88: HECTOR MEDINA ROZO | E88: EDWIN JESSID GONZALEZ BARRANTES | F88: =+$F$4*$G$3 -> 0 | G88: 0.7 | H88: =IF(G88>=70%,"Cumple","No Cumple") -> Cumple | I88: =+IF(G88>=95%,F88*G88,0) -> 0 | J88: =+$F$4*$J$3 -> 0 | K88: =+VLOOKUP(C88,Indicadores!B:F,5,FALSE) -> 1 | L88: =IF(K88>=70%,"Cumple","No Cumple") -> Cumple | M88: =+IF(K88>=95%,J88*K88,0) -> 0 | N88: =+$F$4*$N$3 -> 150000 | O88: =+VLOOKUP(C88,Indicadores!B:P,14,FALSE) -> 1 | P88: =IF(O88>=80%,"Cumple","No Cumple") -> Cumple | Q88: =IF(O88=80%,N88*70%,IF(AND(O88>=81%,O88<=90%),N88*80%,IF(AND(O88>=91%,O88<=95%),N88*90%,IF(O88=96%,N88*96%,IF(O88=97%,N88*97%,IF(O88=98%,N88*98%,IF(O88=99%,N88*99%,IF(O88=100%,N88,0)))))))) -> 150000 | R88: =+$F$4*$R$3 -> 50000 | S88: =+VLOOKUP(C88,Indicadores!B:Q,15,FALSE) -> 0.85293333 | T88: =IF(S88>=80%,"Cumple","No Cumple") -> Cumple | U88: =IF(S88=80%,R88*70%,IF(AND(S88>=81%,S88<=90%),R88*80%,IF(AND(S88>=91%,S88<=95%),R88*90%,IF(S88=96%,R88*96%,IF(S88=97%,R88*97%,IF(S88=98%,R88*98%,IF(S88=99%,R88*99%,IF(S88=100%,R88,0)))))))) -> 40000 | V88: =+$F$4*$V$3 -> 50000 | W88: =+VLOOKUP(C88,Indicadores!B:V,21,FALSE) -> 1 | X88: =IF(W88>=100%,"Cumple","No Cumple") -> Cumple | Y88: =IF(W88=100%,V88,0) -> 50000 | Z88: =IF(AND(G88>=70%,K88>=70%),"SI","NO") -> SI | AA88: =+IF(Z88="SI",Q88+U88+Y88,0) -> 240000
B89: REGIONAL BOGOTA | C89: VIJ_3 | D89: HECTOR MEDINA ROZO | E89: EDWIN JESSID GONZALEZ BARRANTES | F89: =+$F$4*$G$3 -> 0 | G89: =+VLOOKUP(C89,Indicadores!B:C,2,FALSE) -> 0.74595455 | H89: =IF(G89>=70%,"Cumple","No Cumple") -> Cumple | I89: =+IF(G89>=95%,F89*G89,0) -> 0 | J89: =+$F$4*$J$3 -> 0 | K89: =+VLOOKUP(C89,Indicadores!B:F,5,FALSE) -> 1 | L89: =IF(K89>=70%,"Cumple","No Cumple") -> Cumple | M89: =+IF(K89>=95%,J89*K89,0) -> 0 | N89: =+$F$4*$N$3 -> 150000 | O89: =+VLOOKUP(C89,Indicadores!B:P,14,FALSE) -> 0.9554 | P89: =IF(O89>=80%,"Cumple","No Cumple") -> Cumple | Q89: =IF(O89=80%,N89*70%,IF(AND(O89>=81%,O89<=90%),N89*80%,IF(AND(O89>=91%,O89<=95%),N89*90%,IF(O89=96%,N89*96%,IF(O89=97%,N89*97%,IF(O89=98%,N89*98%,IF(O89=99%,N89*99%,IF(O89=100%,N89,0)))))))) -> 0 | R89: =+$F$4*$R$3 -> 50000 | S89: =+VLOOKUP(C89,Indicadores!B:Q,15,FALSE) -> 0.37683333 | T89: =IF(S89>=80%,"Cumple","No Cumple") -> No Cumple | U89: =IF(S89=80%,R89*70%,IF(AND(S89>=81%,S89<=90%),R89*80%,IF(AND(S89>=91%,S89<=95%),R89*90%,IF(S89=96%,R89*96%,IF(S89=97%,R89*97%,IF(S89=98%,R89*98%,IF(S89=99%,R89*99%,IF(S89=100%,R89,0)))))))) -> 0 | V89: =+$F$4*$V$3 -> 50000 | W89: =+VLOOKUP(C89,Indicadores!B:V,21,FALSE) -> 1 | X89: =IF(W89>=100%,"Cumple","No Cumple") -> Cumple | Y89: =IF(W89=100%,V89,0) -> 50000 | Z89: =IF(AND(G89>=70%,K89>=70%),"SI","NO") -> SI | AA89: =+IF(Z89="SI",Q89+U89+Y89,0) -> 50000
B90: REGIONAL BOGOTA | C90: VIJ_4 | D90: HECTOR MEDINA ROZO | E90: EDWIN JESSID GONZALEZ BARRANTES | F90: =+$F$4*$G$3 -> 0 | G90: =+VLOOKUP(C90,Indicadores!B:C,2,FALSE) -> 0.67727273 | H90: =IF(G90>=70%,"Cumple","No Cumple") -> No Cumple | I90: =+IF(G90>=95%,F90*G90,0) -> 0 | J90: =+$F$4*$J$3 -> 0 | K90: =+VLOOKUP(C90,Indicadores!B:F,5,FALSE) -> 1 | L90: =IF(K90>=70%,"Cumple","No Cumple") -> Cumple | M90: =+IF(K90>=95%,J90*K90,0) -> 0 | N90: =+$F$4*$N$3 -> 150000 | O90: =+VLOOKUP(C90,Indicadores!B:P,14,FALSE) -> 0.85 | P90: =IF(O90>=80%,"Cumple","No Cumple") -> Cumple | Q90: =IF(O90=80%,N90*70%,IF(AND(O90>=81%,O90<=90%),N90*80%,IF(AND(O90>=91%,O90<=95%),N90*90%,IF(O90=96%,N90*96%,IF(O90=97%,N90*97%,IF(O90=98%,N90*98%,IF(O90=99%,N90*99%,IF(O90=100%,N90,0)))))))) -> 120000 | R90: =+$F$4*$R$3 -> 50000 | S90: =+VLOOKUP(C90,Indicadores!B:Q,15,FALSE) -> 0.3111 | T90: =IF(S90>=80%,"Cumple","No Cumple") -> No Cumple | U90: =IF(S90=80%,R90*70%,IF(AND(S90>=81%,S90<=90%),R90*80%,IF(AND(S90>=91%,S90<=95%),R90*90%,IF(S90=96%,R90*96%,IF(S90=97%,R90*97%,IF(S90=98%,R90*98%,IF(S90=99%,R90*99%,IF(S90=100%,R90,0)))))))) -> 0 | V90: =+$F$4*$V$3 -> 50000 | W90: =+VLOOKUP(C90,Indicadores!B:V,21,FALSE) -> 0.975 | X90: =IF(W90>=100%,"Cumple","No Cumple") -> No Cumple | Y90: =IF(W90=100%,V90,0) -> 0 | Z90: =IF(AND(G90>=70%,K90>=70%),"SI","NO") -> NO | AA90: =+IF(Z90="SI",Q90+U90+Y90,0) -> 0
B91: REGIONAL BOGOTA | C91: VIJ_5 | D91: HECTOR MEDINA ROZO | E91: EDWIN JESSID GONZALEZ BARRANTES | F91: =+$F$4*$G$3 -> 0 | G91: =+VLOOKUP(C91,Indicadores!B:C,2,FALSE) -> 0.38425455 | H91: =IF(G91>=70%,"Cumple","No Cumple") -> No Cumple | I91: =+IF(G91>=95%,F91*G91,0) -> 0 | J91: =+$F$4*$J$3 -> 0 | K91: =+VLOOKUP(C91,Indicadores!B:F,5,FALSE) -> 0.88235294 | L91: =IF(K91>=70%,"Cumple","No Cumple") -> Cumple | M91: =+IF(K91>=95%,J91*K91,0) -> 0 | N91: =+$F$4*$N$3 -> 150000 | O91: =+VLOOKUP(C91,Indicadores!B:P,14,FALSE) -> 0.04 | P91: =IF(O91>=80%,"Cumple","No Cumple") -> No Cumple | Q91: =IF(O91=80%,N91*70%,IF(AND(O91>=81%,O91<=90%),N91*80%,IF(AND(O91>=91%,O91<=95%),N91*90%,IF(O91=96%,N91*96%,IF(O91=97%,N91*97%,IF(O91=98%,N91*98%,IF(O91=99%,N91*99%,IF(O91=100%,N91,0)))))))) -> 0 | R91: =+$F$4*$R$3 -> 50000 | S91: =+VLOOKUP(C91,Indicadores!B:Q,15,FALSE) -> 0.1717 | T91: =IF(S91>=80%,"Cumple","No Cumple") -> No Cumple | U91: =IF(S91=80%,R91*70%,IF(AND(S91>=81%,S91<=90%),R91*80%,IF(AND(S91>=91%,S91<=95%),R91*90%,IF(S91=96%,R91*96%,IF(S91=97%,R91*97%,IF(S91=98%,R91*98%,IF(S91=99%,R91*99%,IF(S91=100%,R91,0)))))))) -> 0 | V91: =+$F$4*$V$3 -> 50000 | W91: =+VLOOKUP(C91,Indicadores!B:V,21,FALSE) -> 0.94665 | X91: =IF(W91>=100%,"Cumple","No Cumple") -> No Cumple | Y91: =IF(W91=100%,V91,0) -> 0 | Z91: =IF(AND(G91>=70%,K91>=70%),"SI","NO") -> NO | AA91: =+IF(Z91="SI",Q91+U91+Y91,0) -> 0
B92: REGIONAL PERIFERIA | C92: VIJ_6 | D92: HECTOR MEDINA ROZO | E92: EDWIN JESSID GONZALEZ BARRANTES | F92: =+$F$4*$G$3 -> 0 | G92: =+VLOOKUP(C92,Indicadores!B:C,2,FALSE) -> 0.821 | H92: =IF(G92>=70%,"Cumple","No Cumple") -> Cumple | I92: =+IF(G92>=95%,F92*G92,0) -> 0 | J92: =+$F$4*$J$3 -> 0 | K92: =+VLOOKUP(C92,Indicadores!B:F,5,FALSE) -> 1 | L92: =IF(K92>=70%,"Cumple","No Cumple") -> Cumple | M92: =+IF(K92>=95%,J92*K92,0) -> 0 | N92: =+$F$4*$N$3 -> 150000 | O92: =+VLOOKUP(C92,Indicadores!B:P,14,FALSE) -> 1 | P92: =IF(O92>=80%,"Cumple","No Cumple") -> Cumple | Q92: =IF(O92=80%,N92*70%,IF(AND(O92>=81%,O92<=90%),N92*80%,IF(AND(O92>=91%,O92<=95%),N92*90%,IF(O92=96%,N92*96%,IF(O92=97%,N92*97%,IF(O92=98%,N92*98%,IF(O92=99%,N92*99%,IF(O92=100%,N92,0)))))))) -> 150000 | R92: =+$F$4*$R$3 -> 50000 | S92: =+VLOOKUP(C92,Indicadores!B:Q,15,FALSE) -> 0.68066667 | T92: =IF(S92>=80%,"Cumple","No Cumple") -> No Cumple | U92: =IF(S92=80%,R92*70%,IF(AND(S92>=81%,S92<=90%),R92*80%,IF(AND(S92>=91%,S92<=95%),R92*90%,IF(S92=96%,R92*96%,IF(S92=97%,R92*97%,IF(S92=98%,R92*98%,IF(S92=99%,R92*99%,IF(S92=100%,R92,0)))))))) -> 0 | V92: =+$F$4*$V$3 -> 50000 | W92: =+VLOOKUP(C92,Indicadores!B:V,21,FALSE) -> 1 | X92: =IF(W92>=100%,"Cumple","No Cumple") -> Cumple | Y92: =IF(W92=100%,V92,0) -> 50000 | Z92: =IF(AND(G92>=70%,K92>=70%),"SI","NO") -> SI | AA92: =+IF(Z92="SI",Q92+U92+Y92,0) -> 200000
B93: REGIONAL PERIFERIA | C93: VIJ_7 | D93: HECTOR MEDINA ROZO | E93: EDWIN JESSID GONZALEZ BARRANTES | F93: =+$F$4*$G$3 -> 0 | G93: =+VLOOKUP(C93,Indicadores!B:C,2,FALSE) -> 0.76918182 | H93: =IF(G93>=70%,"Cumple","No Cumple") -> Cumple | I93: =+IF(G93>=95%,F93*G93,0) -> 0 | J93: =+$F$4*$J$3 -> 0 | K93: =+VLOOKUP(C93,Indicadores!B:F,5,FALSE) -> 1 | L93: =IF(K93>=70%,"Cumple","No Cumple") -> Cumple | M93: =+IF(K93>=95%,J93*K93,0) -> 0 | N93: =+$F$4*$N$3 -> 150000 | O93: =+VLOOKUP(C93,Indicadores!B:P,14,FALSE) -> 1 | P93: =IF(O93>=80%,"Cumple","No Cumple") -> Cumple | Q93: =IF(O93=80%,N93*70%,IF(AND(O93>=81%,O93<=90%),N93*80%,IF(AND(O93>=91%,O93<=95%),N93*90%,IF(O93=96%,N93*96%,IF(O93=97%,N93*97%,IF(O93=98%,N93*98%,IF(O93=99%,N93*99%,IF(O93=100%,N93,0)))))))) -> 150000 | R93: =+$F$4*$R$3 -> 50000 | S93: =+VLOOKUP(C93,Indicadores!B:Q,15,FALSE) -> 0.59393333 | T93: =IF(S93>=80%,"Cumple","No Cumple") -> No Cumple | U93: =IF(S93=80%,R93*70%,IF(AND(S93>=81%,S93<=90%),R93*80%,IF(AND(S93>=91%,S93<=95%),R93*90%,IF(S93=96%,R93*96%,IF(S93=97%,R93*97%,IF(S93=98%,R93*98%,IF(S93=99%,R93*99%,IF(S93=100%,R93,0)))))))) -> 0 | V93: =+$F$4*$V$3 -> 50000 | W93: =+VLOOKUP(C93,Indicadores!B:V,21,FALSE) -> 1 | X93: =IF(W93>=100%,"Cumple","No Cumple") -> Cumple | Y93: =IF(W93=100%,V93,0) -> 50000 | Z93: =IF(AND(G93>=70%,K93>=70%),"SI","NO") -> SI | AA93: =+IF(Z93="SI",Q93+U93+Y93,0) -> 200000
B94: REGIONAL PERIFERIA | C94: VIJ_8 | D94: HECTOR MEDINA ROZO | E94: EDWIN JESSID GONZALEZ BARRANTES | F94: =+$F$4*$G$3 -> 0 | G94: =+VLOOKUP(C94,Indicadores!B:C,2,FALSE) -> 0.79091818 | H94: =IF(G94>=70%,"Cumple","No Cumple") -> Cumple | I94: =+IF(G94>=95%,F94*G94,0) -> 0 | J94: =+$F$4*$J$3 -> 0 | K94: =+VLOOKUP(C94,Indicadores!B:F,5,FALSE) -> 0.9 | L94: =IF(K94>=70%,"Cumple","No Cumple") -> Cumple | M94: =+IF(K94>=95%,J94*K94,0) -> 0 | N94: =+$F$4*$N$3 -> 150000 | O94: =+VLOOKUP(C94,Indicadores!B:P,14,FALSE) -> 1 | P94: =IF(O94>=80%,"Cumple","No Cumple") -> Cumple | Q94: =IF(O94=80%,N94*70%,IF(AND(O94>=81%,O94<=90%),N94*80%,IF(AND(O94>=91%,O94<=95%),N94*90%,IF(O94=96%,N94*96%,IF(O94=97%,N94*97%,IF(O94=98%,N94*98%,IF(O94=99%,N94*99%,IF(O94=100%,N94,0)))))))) -> 150000 | R94: =+$F$4*$R$3 -> 50000 | S94: =+VLOOKUP(C94,Indicadores!B:Q,15,FALSE) -> 0.33333333 | T94: =IF(S94>=80%,"Cumple","No Cumple") -> No Cumple | U94: =IF(S94=80%,R94*70%,IF(AND(S94>=81%,S94<=90%),R94*80%,IF(AND(S94>=91%,S94<=95%),R94*90%,IF(S94=96%,R94*96%,IF(S94=97%,R94*97%,IF(S94=98%,R94*98%,IF(S94=99%,R94*99%,IF(S94=100%,R94,0)))))))) -> 0 | V94: =+$F$4*$V$3 -> 50000 | W94: =+VLOOKUP(C94,Indicadores!B:V,21,FALSE) -> 1 | X94: =IF(W94>=100%,"Cumple","No Cumple") -> Cumple | Y94: =IF(W94=100%,V94,0) -> 50000 | Z94: =IF(AND(G94>=70%,K94>=70%),"SI","NO") -> SI | AA94: =+IF(Z94="SI",Q94+U94+Y94,0) -> 200000
B95: REGIONAL PERIFERIA | C95: VIJ_9 | D95: HECTOR MEDINA ROZO | E95: EDWIN JESSID GONZALEZ BARRANTES | F95: =+$F$4*$G$3 -> 0 | G95: =+VLOOKUP(C95,Indicadores!B:C,2,FALSE) -> 0.54912727 | H95: =IF(G95>=70%,"Cumple","No Cumple") -> No Cumple | I95: =+IF(G95>=95%,F95*G95,0) -> 0 | J95: =+$F$4*$J$3 -> 0 | K95: =+VLOOKUP(C95,Indicadores!B:F,5,FALSE) -> 1 | L95: =IF(K95>=70%,"Cumple","No Cumple") -> Cumple | M95: =+IF(K95>=95%,J95*K95,0) -> 0 | N95: =+$F$4*$N$3 -> 150000 | O95: =+VLOOKUP(C95,Indicadores!B:P,14,FALSE) -> 0.4027 | P95: =IF(O95>=80%,"Cumple","No Cumple") -> No Cumple | Q95: =IF(O95=80%,N95*70%,IF(AND(O95>=81%,O95<=90%),N95*80%,IF(AND(O95>=91%,O95<=95%),N95*90%,IF(O95=96%,N95*96%,IF(O95=97%,N95*97%,IF(O95=98%,N95*98%,IF(O95=99%,N95*99%,IF(O95=100%,N95,0)))))))) -> 0 | R95: =+$F$4*$R$3 -> 50000 | S95: =+VLOOKUP(C95,Indicadores!B:Q,15,FALSE) -> 0.32163333 | T95: =IF(S95>=80%,"Cumple","No Cumple") -> No Cumple | U95: =IF(S95=80%,R95*70%,IF(AND(S95>=81%,S95<=90%),R95*80%,IF(AND(S95>=91%,S95<=95%),R95*90%,IF(S95=96%,R95*96%,IF(S95=97%,R95*97%,IF(S95=98%,R95*98%,IF(S95=99%,R95*99%,IF(S95=100%,R95,0)))))))) -> 0 | V95: =+$F$4*$V$3 -> 50000 | W95: =+VLOOKUP(C95,Indicadores!B:V,21,FALSE) -> 0.802 | X95: =IF(W95>=100%,"Cumple","No Cumple") -> No Cumple | Y95: =IF(W95=100%,V95,0) -> 0 | Z95: =IF(AND(G95>=70%,K95>=70%),"SI","NO") -> NO | AA95: =+IF(Z95="SI",Q95+U95+Y95,0) -> 0
B96: REGIONAL EJE | C96: ARMENIA_1 | D96: MONICA GIRALDO HERNANDEZ | E96: IRLET ANDREA CAMPUZANO | F96: =+$F$4*$G$3 -> 0 | G96: =+VLOOKUP(C96,Indicadores!B:C,2,FALSE) -> 0.79049091 | H96: =IF(G96>=70%,"Cumple","No Cumple") -> Cumple | I96: =+IF(G96>=95%,F96*G96,0) -> 0 | J96: =+$F$4*$J$3 -> 0 | K96: 0.9 | L96: =IF(K96>=70%,"Cumple","No Cumple") -> Cumple | M96: =+IF(K96>=95%,J96*K96,0) -> 0 | N96: =+$F$4*$N$3 -> 150000 | O96: =+VLOOKUP(C96,Indicadores!B:P,14,FALSE) -> 1 | P96: =IF(O96>=80%,"Cumple","No Cumple") -> Cumple | Q96: =IF(O96=80%,N96*70%,IF(AND(O96>=81%,O96<=90%),N96*80%,IF(AND(O96>=91%,O96<=95%),N96*90%,IF(O96=96%,N96*96%,IF(O96=97%,N96*97%,IF(O96=98%,N96*98%,IF(O96=99%,N96*99%,IF(O96=100%,N96,0)))))))) -> 150000 | R96: =+$F$4*$R$3 -> 50000 | S96: =+VLOOKUP(C96,Indicadores!B:Q,15,FALSE) -> 0.7123 | T96: =IF(S96>=80%,"Cumple","No Cumple") -> No Cumple | U96: =IF(S96=80%,R96*70%,IF(AND(S96>=81%,S96<=90%),R96*80%,IF(AND(S96>=91%,S96<=95%),R96*90%,IF(S96=96%,R96*96%,IF(S96=97%,R96*97%,IF(S96=98%,R96*98%,IF(S96=99%,R96*99%,IF(S96=100%,R96,0)))))))) -> 0 | V96: =+$F$4*$V$3 -> 50000 | W96: =+VLOOKUP(C96,Indicadores!B:V,21,FALSE) -> 0.5 | X96: =IF(W96>=100%,"Cumple","No Cumple") -> No Cumple | Y96: =IF(W96=100%,V96,0) -> 0 | Z96: =IF(AND(G96>=70%,K96>=70%),"SI","NO") -> SI | AA96: =+IF(Z96="SI",Q96+U96+Y96,0) -> 150000
B97: REGIONAL EJE | C97: ARMENIA_2 | D97: MONICA GIRALDO HERNANDEZ | E97: IRLET ANDREA CAMPUZANO | F97: =+$F$4*$G$3 -> 0 | G97: =+VLOOKUP(C97,Indicadores!B:C,2,FALSE) -> 0.80227273 | H97: =IF(G97>=70%,"Cumple","No Cumple") -> Cumple | I97: =+IF(G97>=95%,F97*G97,0) -> 0 | J97: =+$F$4*$J$3 -> 0 | K97: 0.9 | L97: =IF(K97>=70%,"Cumple","No Cumple") -> Cumple | M97: =+IF(K97>=95%,J97*K97,0) -> 0 | N97: =+$F$4*$N$3 -> 150000 | O97: =+VLOOKUP(C97,Indicadores!B:P,14,FALSE) -> 1 | P97: =IF(O97>=80%,"Cumple","No Cumple") -> Cumple | Q97: =IF(O97=80%,N97*70%,IF(AND(O97>=81%,O97<=90%),N97*80%,IF(AND(O97>=91%,O97<=95%),N97*90%,IF(O97=96%,N97*96%,IF(O97=97%,N97*97%,IF(O97=98%,N97*98%,IF(O97=99%,N97*99%,IF(O97=100%,N97,0)))))))) -> 150000 | R97: =+$F$4*$R$3 -> 50000 | S97: =+VLOOKUP(C97,Indicadores!B:Q,15,FALSE) -> 0.71583333 | T97: =IF(S97>=80%,"Cumple","No Cumple") -> No Cumple | U97: =IF(S97=80%,R97*70%,IF(AND(S97>=81%,S97<=90%),R97*80%,IF(AND(S97>=91%,S97<=95%),R97*90%,IF(S97=96%,R97*96%,IF(S97=97%,R97*97%,IF(S97=98%,R97*98%,IF(S97=99%,R97*99%,IF(S97=100%,R97,0)))))))) -> 0 | V97: =+$F$4*$V$3 -> 50000 | W97: =+VLOOKUP(C97,Indicadores!B:V,21,FALSE) -> 0.5 | X97: =IF(W97>=100%,"Cumple","No Cumple") -> No Cumple | Y97: =IF(W97=100%,V97,0) -> 0 | Z97: =IF(AND(G97>=70%,K97>=70%),"SI","NO") -> SI | AA97: =+IF(Z97="SI",Q97+U97+Y97,0) -> 150000
B98: REGIONAL EJE | C98: CARTAGO_1 | D98: MONICA GIRALDO HERNANDEZ | E98: IRLET ANDREA CAMPUZANO | F98: =+$F$4*$G$3 -> 0 | G98: =+VLOOKUP(C98,Indicadores!B:C,2,FALSE) -> 0.77805455 | H98: =IF(G98>=70%,"Cumple","No Cumple") -> Cumple | I98: =+IF(G98>=95%,F98*G98,0) -> 0 | J98: =+$F$4*$J$3 -> 0 | K98: =+VLOOKUP(C98,Indicadores!B:F,5,FALSE) -> 0.94736842 | L98: =IF(K98>=70%,"Cumple","No Cumple") -> Cumple | M98: =+IF(K98>=95%,J98*K98,0) -> 0 | N98: =+$F$4*$N$3 -> 150000 | O98: 0.97 | P98: =IF(O98>=80%,"Cumple","No Cumple") -> Cumple | Q98: =IF(O98=80%,N98*70%,IF(AND(O98>=81%,O98<=90%),N98*80%,IF(AND(O98>=91%,O98<=95%),N98*90%,IF(O98=96%,N98*96%,IF(O98=97%,N98*97%,IF(O98=98%,N98*98%,IF(O98=99%,N98*99%,IF(O98=100%,N98,0)))))))) -> 145500 | R98: =+$F$4*$R$3 -> 50000 | S98: =+VLOOKUP(C98,Indicadores!B:Q,15,FALSE) -> 0.7029 | T98: =IF(S98>=80%,"Cumple","No Cumple") -> No Cumple | U98: =IF(S98=80%,R98*70%,IF(AND(S98>=81%,S98<=90%),R98*80%,IF(AND(S98>=91%,S98<=95%),R98*90%,IF(S98=96%,R98*96%,IF(S98=97%,R98*97%,IF(S98=98%,R98*98%,IF(S98=99%,R98*99%,IF(S98=100%,R98,0)))))))) -> 0 | V98: =+$F$4*$V$3 -> 50000 | W98: =+VLOOKUP(C98,Indicadores!B:V,21,FALSE) -> 0.5 | X98: =IF(W98>=100%,"Cumple","No Cumple") -> No Cumple | Y98: =IF(W98=100%,V98,0) -> 0 | Z98: =IF(AND(G98>=70%,K98>=70%),"SI","NO") -> SI | AA98: =+IF(Z98="SI",Q98+U98+Y98,0) -> 145500
B99: REGIONAL EJE | C99: DOSQUEBRADAS_1 | D99: MONICA GIRALDO HERNANDEZ | E99: IRLET ANDREA CAMPUZANO | F99: =+$F$4*$G$3 -> 0 | G99: =+VLOOKUP(C99,Indicadores!B:C,2,FALSE) -> 0.53720909 | H99: =IF(G99>=70%,"Cumple","No Cumple") -> No Cumple | I99: =+IF(G99>=95%,F99*G99,0) -> 0 | J99: =+$F$4*$J$3 -> 0 | K99: =+VLOOKUP(C99,Indicadores!B:F,5,FALSE) -> 1 | L99: =IF(K99>=70%,"Cumple","No Cumple") -> Cumple | M99: =+IF(K99>=95%,J99*K99,0) -> 0 | N99: =+$F$4*$N$3 -> 150000 | O99: =+VLOOKUP(C99,Indicadores!B:P,14,FALSE) -> 0.6364 | P99: =IF(O99>=80%,"Cumple","No Cumple") -> No Cumple | Q99: =IF(O99=80%,N99*70%,IF(AND(O99>=81%,O99<=90%),N99*80%,IF(AND(O99>=91%,O99<=95%),N99*90%,IF(O99=96%,N99*96%,IF(O99=97%,N99*97%,IF(O99=98%,N99*98%,IF(O99=99%,N99*99%,IF(O99=100%,N99,0)))))))) -> 0 | R99: =+$F$4*$R$3 -> 50000 | S99: =+VLOOKUP(C99,Indicadores!B:Q,15,FALSE) -> 0.57576667 | T99: =IF(S99>=80%,"Cumple","No Cumple") -> No Cumple | U99: =IF(S99=80%,R99*70%,IF(AND(S99>=81%,S99<=90%),R99*80%,IF(AND(S99>=91%,S99<=95%),R99*90%,IF(S99=96%,R99*96%,IF(S99=97%,R99*97%,IF(S99=98%,R99*98%,IF(S99=99%,R99*99%,IF(S99=100%,R99,0)))))))) -> 0 | V99: =+$F$4*$V$3 -> 50000 | W99: =+VLOOKUP(C99,Indicadores!B:V,21,FALSE) -> 0.7273 | X99: =IF(W99>=100%,"Cumple","No Cumple") -> No Cumple | Y99: =IF(W99=100%,V99,0) -> 0 | Z99: =IF(AND(G99>=70%,K99>=70%),"SI","NO") -> NO | AA99: =+IF(Z99="SI",Q99+U99+Y99,0) -> 0
B100: REGIONAL EJE | C100: DOSQUEBRADAS_2 | D100: MONICA GIRALDO HERNANDEZ | E100: IRLET ANDREA CAMPUZANO | F100: =+$F$4*$G$3 -> 0 | G100: 0.8 | H100: =IF(G100>=70%,"Cumple","No Cumple") -> Cumple | I100: =+IF(G100>=95%,F100*G100,0) -> 0 | J100: =+$F$4*$J$3 -> 0 | K100: =+VLOOKUP(C100,Indicadores!B:F,5,FALSE) -> 0.88235294 | L100: =IF(K100>=70%,"Cumple","No Cumple") -> Cumple | M100: =+IF(K100>=95%,J100*K100,0) -> 0 | N100: =+$F$4*$N$3 -> 150000 | O100: =+VLOOKUP(C100,Indicadores!B:P,14,FALSE) -> 1 | P100: =IF(O100>=80%,"Cumple","No Cumple") -> Cumple | Q100: =IF(O100=80%,N100*70%,IF(AND(O100>=81%,O100<=90%),N100*80%,IF(AND(O100>=91%,O100<=95%),N100*90%,IF(O100=96%,N100*96%,IF(O100=97%,N100*97%,IF(O100=98%,N100*98%,IF(O100=99%,N100*99%,IF(O100=100%,N100,0)))))))) -> 150000 | R100: =+$F$4*$R$3 -> 50000 | S100: =+VLOOKUP(C100,Indicadores!B:Q,15,FALSE) -> 0.51633333 | T100: =IF(S100>=80%,"Cumple","No Cumple") -> No Cumple | U100: =IF(S100=80%,R100*70%,IF(AND(S100>=81%,S100<=90%),R100*80%,IF(AND(S100>=91%,S100<=95%),R100*90%,IF(S100=96%,R100*96%,IF(S100=97%,R100*97%,IF(S100=98%,R100*98%,IF(S100=99%,R100*99%,IF(S100=100%,R100,0)))))))) -> 0 | V100: =+$F$4*$V$3 -> 50000 | W100: =+VLOOKUP(C100,Indicadores!B:V,21,FALSE) -> 0.5 | X100: =IF(W100>=100%,"Cumple","No Cumple") -> No Cumple | Y100: =IF(W100=100%,V100,0) -> 0 | Z100: =IF(AND(G100>=70%,K100>=70%),"SI","NO") -> SI | AA100: =+IF(Z100="SI",Q100+U100+Y100,0) -> 150000
B101: REGIONAL EJE | C101: MANIZALES_1 | D101: MONICA GIRALDO HERNANDEZ | E101: IRLET ANDREA CAMPUZANO | F101: =+$F$4*$G$3 -> 0 | G101: =+VLOOKUP(C101,Indicadores!B:C,2,FALSE) -> 0.8538 | H101: =IF(G101>=70%,"Cumple","No Cumple") -> Cumple | I101: =+IF(G101>=95%,F101*G101,0) -> 0 | J101: =+$F$4*$J$3 -> 0 | K101: =+VLOOKUP(C101,Indicadores!B:F,5,FALSE) -> 0.94736842 | L101: =IF(K101>=70%,"Cumple","No Cumple") -> Cumple | M101: =+IF(K101>=95%,J101*K101,0) -> 0 | N101: =+$F$4*$N$3 -> 150000 | O101: =+VLOOKUP(C101,Indicadores!B:P,14,FALSE) -> 1 | P101: =IF(O101>=80%,"Cumple","No Cumple") -> Cumple | Q101: =IF(O101=80%,N101*70%,IF(AND(O101>=81%,O101<=90%),N101*80%,IF(AND(O101>=91%,O101<=95%),N101*90%,IF(O101=96%,N101*96%,IF(O101=97%,N101*97%,IF(O101=98%,N101*98%,IF(O101=99%,N101*99%,IF(O101=100%,N101,0)))))))) -> 150000 | R101: =+$F$4*$R$3 -> 50000 | S101: =+VLOOKUP(C101,Indicadores!B:Q,15,FALSE) -> 0.84723333 | T101: =IF(S101>=80%,"Cumple","No Cumple") -> Cumple | U101: =IF(S101=80%,R101*70%,IF(AND(S101>=81%,S101<=90%),R101*80%,IF(AND(S101>=91%,S101<=95%),R101*90%,IF(S101=96%,R101*96%,IF(S101=97%,R101*97%,IF(S101=98%,R101*98%,IF(S101=99%,R101*99%,IF(S101=100%,R101,0)))))))) -> 40000 | V101: =+$F$4*$V$3 -> 50000 | W101: =+VLOOKUP(C101,Indicadores!B:V,21,FALSE) -> 0.5 | X101: =IF(W101>=100%,"Cumple","No Cumple") -> No Cumple | Y101: =IF(W101=100%,V101,0) -> 0 | Z101: =IF(AND(G101>=70%,K101>=70%),"SI","NO") -> SI | AA101: =+IF(Z101="SI",Q101+U101+Y101,0) -> 190000
B102: REGIONAL EJE | C102: MANIZALES_2 | D102: MONICA GIRALDO HERNANDEZ | E102: IRLET ANDREA CAMPUZANO | F102: =+$F$4*$G$3 -> 0 | G102: =+VLOOKUP(C102,Indicadores!B:C,2,FALSE) -> 0.76623636 | H102: =IF(G102>=70%,"Cumple","No Cumple") -> Cumple | I102: =+IF(G102>=95%,F102*G102,0) -> 0 | J102: =+$F$4*$J$3 -> 0 | K102: =+VLOOKUP(C102,Indicadores!B:F,5,FALSE) -> 0.94444444 | L102: =IF(K102>=70%,"Cumple","No Cumple") -> Cumple | M102: =+IF(K102>=95%,J102*K102,0) -> 0 | N102: =+$F$4*$N$3 -> 150000 | O102: =+VLOOKUP(C102,Indicadores!B:P,14,FALSE) -> 1 | P102: =IF(O102>=80%,"Cumple","No Cumple") -> Cumple | Q102: =IF(O102=80%,N102*70%,IF(AND(O102>=81%,O102<=90%),N102*80%,IF(AND(O102>=91%,O102<=95%),N102*90%,IF(O102=96%,N102*96%,IF(O102=97%,N102*97%,IF(O102=98%,N102*98%,IF(O102=99%,N102*99%,IF(O102=100%,N102,0)))))))) -> 150000 | R102: =+$F$4*$R$3 -> 50000 | S102: =+VLOOKUP(C102,Indicadores!B:Q,15,FALSE) -> 0.60383333 | T102: =IF(S102>=80%,"Cumple","No Cumple") -> No Cumple | U102: =IF(S102=80%,R102*70%,IF(AND(S102>=81%,S102<=90%),R102*80%,IF(AND(S102>=91%,S102<=95%),R102*90%,IF(S102=96%,R102*96%,IF(S102=97%,R102*97%,IF(S102=98%,R102*98%,IF(S102=99%,R102*99%,IF(S102=100%,R102,0)))))))) -> 0 | V102: =+$F$4*$V$3 -> 50000 | W102: =+VLOOKUP(C102,Indicadores!B:V,21,FALSE) -> 0.5 | X102: =IF(W102>=100%,"Cumple","No Cumple") -> No Cumple | Y102: =IF(W102=100%,V102,0) -> 0 | Z102: =IF(AND(G102>=70%,K102>=70%),"SI","NO") -> SI | AA102: =+IF(Z102="SI",Q102+U102+Y102,0) -> 150000
B103: REGIONAL EJE | C103: MANIZALES_3 | D103: MONICA GIRALDO HERNANDEZ | E103: IRLET ANDREA CAMPUZANO | F103: =+$F$4*$G$3 -> 0 | G103: =+VLOOKUP(C103,Indicadores!B:C,2,FALSE) -> 0.79444545 | H103: =IF(G103>=70%,"Cumple","No Cumple") -> Cumple | I103: =+IF(G103>=95%,F103*G103,0) -> 0 | J103: =+$F$4*$J$3 -> 0 | K103: =+VLOOKUP(C103,Indicadores!B:F,5,FALSE) -> 0.88235294 | L103: =IF(K103>=70%,"Cumple","No Cumple") -> Cumple | M103: =+IF(K103>=95%,J103*K103,0) -> 0 | N103: =+$F$4*$N$3 -> 150000 | O103: =+VLOOKUP(C103,Indicadores!B:P,14,FALSE) -> 0.991 | P103: =IF(O103>=80%,"Cumple","No Cumple") -> Cumple | Q103: =IF(O103=80%,N103*70%,IF(AND(O103>=81%,O103<=90%),N103*80%,IF(AND(O103>=91%,O103<=95%),N103*90%,IF(O103=96%,N103*96%,IF(O103=97%,N103*97%,IF(O103=98%,N103*98%,IF(O103=99%,N103*99%,IF(O103=100%,N103,0)))))))) -> 0 | R103: =+$F$4*$R$3 -> 50000 | S103: =+VLOOKUP(C103,Indicadores!B:Q,15,FALSE) -> 0.61863333 | T103: =IF(S103>=80%,"Cumple","No Cumple") -> No Cumple | U103: =IF(S103=80%,R103*70%,IF(AND(S103>=81%,S103<=90%),R103*80%,IF(AND(S103>=91%,S103<=95%),R103*90%,IF(S103=96%,R103*96%,IF(S103=97%,R103*97%,IF(S103=98%,R103*98%,IF(S103=99%,R103*99%,IF(S103=100%,R103,0)))))))) -> 0 | V103: =+$F$4*$V$3 -> 50000 | W103: =+VLOOKUP(C103,Indicadores!B:V,21,FALSE) -> 0.991 | X103: =IF(W103>=100%,"Cumple","No Cumple") -> No Cumple | Y103: =IF(W103=100%,V103,0) -> 0 | Z103: =IF(AND(G103>=70%,K103>=70%),"SI","NO") -> SI | AA103: =+IF(Z103="SI",Q103+U103+Y103,0) -> 0
B104: REGIONAL EJE | C104: PEREIRA_1 | D104: MONICA GIRALDO HERNANDEZ | E104: IRLET ANDREA CAMPUZANO | F104: =+$F$4*$G$3 -> 0 | G104: 0.7 | H104: =IF(G104>=70%,"Cumple","No Cumple") -> Cumple | I104: =+IF(G104>=95%,F104*G104,0) -> 0 | J104: =+$F$4*$J$3 -> 0 | K104: =+VLOOKUP(C104,Indicadores!B:F,5,FALSE) -> 1 | L104: =IF(K104>=70%,"Cumple","No Cumple") -> Cumple | M104: =+IF(K104>=95%,J104*K104,0) -> 0 | N104: =+$F$4*$N$3 -> 150000 | O104: =+VLOOKUP(C104,Indicadores!B:P,14,FALSE) -> 1 | P104: =IF(O104>=80%,"Cumple","No Cumple") -> Cumple | Q104: =IF(O104=80%,N104*70%,IF(AND(O104>=81%,O104<=90%),N104*80%,IF(AND(O104>=91%,O104<=95%),N104*90%,IF(O104=96%,N104*96%,IF(O104=97%,N104*97%,IF(O104=98%,N104*98%,IF(O104=99%,N104*99%,IF(O104=100%,N104,0)))))))) -> 150000 | R104: =+$F$4*$R$3 -> 50000 | S104: =+VLOOKUP(C104,Indicadores!B:Q,15,FALSE) -> 0.62816667 | T104: =IF(S104>=80%,"Cumple","No Cumple") -> No Cumple | U104: =IF(S104=80%,R104*70%,IF(AND(S104>=81%,S104<=90%),R104*80%,IF(AND(S104>=91%,S104<=95%),R104*90%,IF(S104=96%,R104*96%,IF(S104=97%,R104*97%,IF(S104=98%,R104*98%,IF(S104=99%,R104*99%,IF(S104=100%,R104,0)))))))) -> 0 | V104: =+$F$4*$V$3 -> 50000 | W104: =+VLOOKUP(C104,Indicadores!B:V,21,FALSE) -> 0.5 | X104: =IF(W104>=100%,"Cumple","No Cumple") -> No Cumple | Y104: =IF(W104=100%,V104,0) -> 0 | Z104: =IF(AND(G104>=70%,K104>=70%),"SI","NO") -> SI | AA104: =+IF(Z104="SI",Q104+U104+Y104,0) -> 150000
B105: REGIONAL EJE | C105: PEREIRA_2 | D105: MONICA GIRALDO HERNANDEZ | E105: IRLET ANDREA CAMPUZANO | F105: =+$F$4*$G$3 -> 0 | G105: =+VLOOKUP(C105,Indicadores!B:C,2,FALSE) -> 0.76104545 | H105: =IF(G105>=70%,"Cumple","No Cumple") -> Cumple | I105: =+IF(G105>=95%,F105*G105,0) -> 0 | J105: =+$F$4*$J$3 -> 0 | K105: =+VLOOKUP(C105,Indicadores!B:F,5,FALSE) -> 1 | L105: =IF(K105>=70%,"Cumple","No Cumple") -> Cumple | M105: =+IF(K105>=95%,J105*K105,0) -> 0 | N105: =+$F$4*$N$3 -> 150000 | O105: =+VLOOKUP(C105,Indicadores!B:P,14,FALSE) -> 1 | P105: =IF(O105>=80%,"Cumple","No Cumple") -> Cumple | Q105: =IF(O105=80%,N105*70%,IF(AND(O105>=81%,O105<=90%),N105*80%,IF(AND(O105>=91%,O105<=95%),N105*90%,IF(O105=96%,N105*96%,IF(O105=97%,N105*97%,IF(O105=98%,N105*98%,IF(O105=99%,N105*99%,IF(O105=100%,N105,0)))))))) -> 150000 | R105: =+$F$4*$R$3 -> 50000 | S105: =+VLOOKUP(C105,Indicadores!B:Q,15,FALSE) -> 0.59576667 | T105: =IF(S105>=80%,"Cumple","No Cumple") -> No Cumple | U105: =IF(S105=80%,R105*70%,IF(AND(S105>=81%,S105<=90%),R105*80%,IF(AND(S105>=91%,S105<=95%),R105*90%,IF(S105=96%,R105*96%,IF(S105=97%,R105*97%,IF(S105=98%,R105*98%,IF(S105=99%,R105*99%,IF(S105=100%,R105,0)))))))) -> 0 | V105: =+$F$4*$V$3 -> 50000 | W105: =+VLOOKUP(C105,Indicadores!B:V,21,FALSE) -> 0.5 | X105: =IF(W105>=100%,"Cumple","No Cumple") -> No Cumple | Y105: =IF(W105=100%,V105,0) -> 0 | Z105: =IF(AND(G105>=70%,K105>=70%),"SI","NO") -> SI | AA105: =+IF(Z105="SI",Q105+U105+Y105,0) -> 150000
B106: REGIONAL PACIFICO | C106: BUGA_1 | D106: MONICA GIRALDO HERNANDEZ | E106: LAURA CATALINA ROSERO JURADO | F106: =+$F$4*$G$3 -> 0 | G106: =+VLOOKUP(C106,Indicadores!B:C,2,FALSE) -> 0.78153636 | H106: =IF(G106>=70%,"Cumple","No Cumple") -> Cumple | I106: =+IF(G106>=95%,F106*G106,0) -> 0 | J106: =+$F$4*$J$3 -> 0 | K106: =+VLOOKUP(C106,Indicadores!B:F,5,FALSE) -> 0.92307692 | L106: =IF(K106>=70%,"Cumple","No Cumple") -> Cumple | M106: =+IF(K106>=95%,J106*K106,0) -> 0 | N106: =+$F$4*$N$3 -> 150000 | O106: 0.96 | P106: =IF(O106>=80%,"Cumple","No Cumple") -> Cumple | Q106: =IF(O106=80%,N106*70%,IF(AND(O106>=81%,O106<=90%),N106*80%,IF(AND(O106>=91%,O106<=95%),N106*90%,IF(O106=96%,N106*96%,IF(O106=97%,N106*97%,IF(O106=98%,N106*98%,IF(O106=99%,N106*99%,IF(O106=100%,N106,0)))))))) -> 144000 | R106: =+$F$4*$R$3 -> 50000 | S106: =+VLOOKUP(C106,Indicadores!B:Q,15,FALSE) -> 0.38013333 | T106: =IF(S106>=80%,"Cumple","No Cumple") -> No Cumple | U106: =IF(S106=80%,R106*70%,IF(AND(S106>=81%,S106<=90%),R106*80%,IF(AND(S106>=91%,S106<=95%),R106*90%,IF(S106=96%,R106*96%,IF(S106=97%,R106*97%,IF(S106=98%,R106*98%,IF(S106=99%,R106*99%,IF(S106=100%,R106,0)))))))) -> 0 | V106: =+$F$4*$V$3 -> 50000 | W106: =+VLOOKUP(C106,Indicadores!B:V,21,FALSE) -> 0.9825 | X106: =IF(W106>=100%,"Cumple","No Cumple") -> No Cumple | Y106: =IF(W106=100%,V106,0) -> 0 | Z106: =IF(AND(G106>=70%,K106>=70%),"SI","NO") -> SI | AA106: =+IF(Z106="SI",Q106+U106+Y106,0) -> 144000
B107: REGIONAL PACIFICO | C107: CALI_1 | D107: MONICA GIRALDO HERNANDEZ | E107: LAURA CATALINA ROSERO JURADO | F107: =+$F$4*$G$3 -> 0 | G107: =+VLOOKUP(C107,Indicadores!B:C,2,FALSE) -> 0.73636364 | H107: =IF(G107>=70%,"Cumple","No Cumple") -> Cumple | I107: =+IF(G107>=95%,F107*G107,0) -> 0 | J107: =+$F$4*$J$3 -> 0 | K107: =+VLOOKUP(C107,Indicadores!B:F,5,FALSE) -> 0.66666667 | L107: =IF(K107>=70%,"Cumple","No Cumple") -> No Cumple | M107: =+IF(K107>=95%,J107*K107,0) -> 0 | N107: =+$F$4*$N$3 -> 150000 | O107: =+VLOOKUP(C107,Indicadores!B:P,14,FALSE) -> 1 | P107: =IF(O107>=80%,"Cumple","No Cumple") -> Cumple | Q107: =IF(O107=80%,N107*70%,IF(AND(O107>=81%,O107<=90%),N107*80%,IF(AND(O107>=91%,O107<=95%),N107*90%,IF(O107=96%,N107*96%,IF(O107=97%,N107*97%,IF(O107=98%,N107*98%,IF(O107=99%,N107*99%,IF(O107=100%,N107,0)))))))) -> 150000 | R107: =+$F$4*$R$3 -> 50000 | S107: =+VLOOKUP(C107,Indicadores!B:Q,15,FALSE) -> 0.3611 | T107: =IF(S107>=80%,"Cumple","No Cumple") -> No Cumple | U107: =IF(S107=80%,R107*70%,IF(AND(S107>=81%,S107<=90%),R107*80%,IF(AND(S107>=91%,S107<=95%),R107*90%,IF(S107=96%,R107*96%,IF(S107=97%,R107*97%,IF(S107=98%,R107*98%,IF(S107=99%,R107*99%,IF(S107=100%,R107,0)))))))) -> 0 | V107: =+$F$4*$V$3 -> 50000 | W107: =+VLOOKUP(C107,Indicadores!B:V,21,FALSE) -> 1 | X107: =IF(W107>=100%,"Cumple","No Cumple") -> Cumple | Y107: =IF(W107=100%,V107,0) -> 50000 | Z107: =IF(AND(G107>=70%,K107>=70%),"SI","NO") -> NO | AA107: =+IF(Z107="SI",Q107+U107+Y107,0) -> 0
B108: REGIONAL PACIFICO | C108: CALI_14 | D108: MONICA GIRALDO HERNANDEZ | E108: LAURA CATALINA ROSERO JURADO | F108: =+$F$4*$G$3 -> 0 | G108: =+VLOOKUP(C108,Indicadores!B:C,2,FALSE) -> 0.80775455 | H108: =IF(G108>=70%,"Cumple","No Cumple") -> Cumple | I108: =+IF(G108>=95%,F108*G108,0) -> 0 | J108: =+$F$4*$J$3 -> 0 | K108: =+VLOOKUP(C108,Indicadores!B:F,5,FALSE) -> 1 | L108: =IF(K108>=70%,"Cumple","No Cumple") -> Cumple | M108: =+IF(K108>=95%,J108*K108,0) -> 0 | N108: =+$F$4*$N$3 -> 150000 | O108: =+VLOOKUP(C108,Indicadores!B:P,14,FALSE) -> 1 | P108: =IF(O108>=80%,"Cumple","No Cumple") -> Cumple | Q108: =IF(O108=80%,N108*70%,IF(AND(O108>=81%,O108<=90%),N108*80%,IF(AND(O108>=91%,O108<=95%),N108*90%,IF(O108=96%,N108*96%,IF(O108=97%,N108*97%,IF(O108=98%,N108*98%,IF(O108=99%,N108*99%,IF(O108=100%,N108,0)))))))) -> 150000 | R108: =+$F$4*$R$3 -> 50000 | S108: =+VLOOKUP(C108,Indicadores!B:Q,15,FALSE) -> 0.3552 | T108: =IF(S108>=80%,"Cumple","No Cumple") -> No Cumple | U108: =IF(S108=80%,R108*70%,IF(AND(S108>=81%,S108<=90%),R108*80%,IF(AND(S108>=91%,S108<=95%),R108*90%,IF(S108=96%,R108*96%,IF(S108=97%,R108*97%,IF(S108=98%,R108*98%,IF(S108=99%,R108*99%,IF(S108=100%,R108,0)))))))) -> 0 | V108: =+$F$4*$V$3 -> 50000 | W108: =+VLOOKUP(C108,Indicadores!B:V,21,FALSE) -> 0.5 | X108: =IF(W108>=100%,"Cumple","No Cumple") -> No Cumple | Y108: =IF(W108=100%,V108,0) -> 0 | Z108: =IF(AND(G108>=70%,K108>=70%),"SI","NO") -> SI | AA108: =+IF(Z108="SI",Q108+U108+Y108,0) -> 150000
B109: REGIONAL PACIFICO | C109: CALI_3 | D109: MONICA GIRALDO HERNANDEZ | E109: LAURA CATALINA ROSERO JURADO | F109: =+$F$4*$G$3 -> 0 | G109: =+VLOOKUP(C109,Indicadores!B:C,2,FALSE) -> 0.77181818 | H109: =IF(G109>=70%,"Cumple","No Cumple") -> Cumple | I109: =+IF(G109>=95%,F109*G109,0) -> 0 | J109: =+$F$4*$J$3 -> 0 | K109: =+VLOOKUP(C109,Indicadores!B:F,5,FALSE) -> 1 | L109: =IF(K109>=70%,"Cumple","No Cumple") -> Cumple | M109: =+IF(K109>=95%,J109*K109,0) -> 0 | N109: =+$F$4*$N$3 -> 150000 | O109: 0.98 | P109: =IF(O109>=80%,"Cumple","No Cumple") -> Cumple | Q109: =IF(O109=80%,N109*70%,IF(AND(O109>=81%,O109<=90%),N109*80%,IF(AND(O109>=91%,O109<=95%),N109*90%,IF(O109=96%,N109*96%,IF(O109=97%,N109*97%,IF(O109=98%,N109*98%,IF(O109=99%,N109*99%,IF(O109=100%,N109,0)))))))) -> 147000 | R109: =+$F$4*$R$3 -> 50000 | S109: =+VLOOKUP(C109,Indicadores!B:Q,15,FALSE) -> 0.41296667 | T109: =IF(S109>=80%,"Cumple","No Cumple") -> No Cumple | U109: =IF(S109=80%,R109*70%,IF(AND(S109>=81%,S109<=90%),R109*80%,IF(AND(S109>=91%,S109<=95%),R109*90%,IF(S109=96%,R109*96%,IF(S109=97%,R109*97%,IF(S109=98%,R109*98%,IF(S109=99%,R109*99%,IF(S109=100%,R109,0)))))))) -> 0 | V109: =+$F$4*$V$3 -> 50000 | W109: =+VLOOKUP(C109,Indicadores!B:V,21,FALSE) -> 1 | X109: =IF(W109>=100%,"Cumple","No Cumple") -> Cumple | Y109: =IF(W109=100%,V109,0) -> 50000 | Z109: =IF(AND(G109>=70%,K109>=70%),"SI","NO") -> SI | AA109: =+IF(Z109="SI",Q109+U109+Y109,0) -> 197000
B110: REGIONAL PACIFICO | C110: CALI_5 | D110: MONICA GIRALDO HERNANDEZ | E110: LAURA CATALINA ROSERO JURADO | F110: =+$F$4*$G$3 -> 0 | G110: =+VLOOKUP(C110,Indicadores!B:C,2,FALSE) -> 0.75952727 | H110: =IF(G110>=70%,"Cumple","No Cumple") -> Cumple | I110: =+IF(G110>=95%,F110*G110,0) -> 0 | J110: =+$F$4*$J$3 -> 0 | K110: =+VLOOKUP(C110,Indicadores!B:F,5,FALSE) -> 1 | L110: =IF(K110>=70%,"Cumple","No Cumple") -> Cumple | M110: =+IF(K110>=95%,J110*K110,0) -> 0 | N110: =+$F$4*$N$3 -> 150000 | O110: =+VLOOKUP(C110,Indicadores!B:P,14,FALSE) -> 1 | P110: =IF(O110>=80%,"Cumple","No Cumple") -> Cumple | Q110: =IF(O110=80%,N110*70%,IF(AND(O110>=81%,O110<=90%),N110*80%,IF(AND(O110>=91%,O110<=95%),N110*90%,IF(O110=96%,N110*96%,IF(O110=97%,N110*97%,IF(O110=98%,N110*98%,IF(O110=99%,N110*99%,IF(O110=100%,N110,0)))))))) -> 150000 | R110: =+$F$4*$R$3 -> 50000 | S110: =+VLOOKUP(C110,Indicadores!B:Q,15,FALSE) -> 0.3621 | T110: =IF(S110>=80%,"Cumple","No Cumple") -> No Cumple | U110: =IF(S110=80%,R110*70%,IF(AND(S110>=81%,S110<=90%),R110*80%,IF(AND(S110>=91%,S110<=95%),R110*90%,IF(S110=96%,R110*96%,IF(S110=97%,R110*97%,IF(S110=98%,R110*98%,IF(S110=99%,R110*99%,IF(S110=100%,R110,0)))))))) -> 0 | V110: =+$F$4*$V$3 -> 50000 | W110: =+VLOOKUP(C110,Indicadores!B:V,21,FALSE) -> 0.5 | X110: =IF(W110>=100%,"Cumple","No Cumple") -> No Cumple | Y110: =IF(W110=100%,V110,0) -> 0 | Z110: =IF(AND(G110>=70%,K110>=70%),"SI","NO") -> SI | AA110: =+IF(Z110="SI",Q110+U110+Y110,0) -> 150000
B111: REGIONAL PACIFICO | C111: CALI_6 | D111: MONICA GIRALDO HERNANDEZ | E111: LAURA CATALINA ROSERO JURADO | F111: =+$F$4*$G$3 -> 0 | G111: =+VLOOKUP(C111,Indicadores!B:C,2,FALSE) -> 0.74268182 | H111: =IF(G111>=70%,"Cumple","No Cumple") -> Cumple | I111: =+IF(G111>=95%,F111*G111,0) -> 0 | J111: =+$F$4*$J$3 -> 0 | K111: =+VLOOKUP(C111,Indicadores!B:F,5,FALSE) -> 1 | L111: =IF(K111>=70%,"Cumple","No Cumple") -> Cumple | M111: =+IF(K111>=95%,J111*K111,0) -> 0 | N111: =+$F$4*$N$3 -> 150000 | O111: 0.98 | P111: =IF(O111>=80%,"Cumple","No Cumple") -> Cumple | Q111: =IF(O111=80%,N111*70%,IF(AND(O111>=81%,O111<=90%),N111*80%,IF(AND(O111>=91%,O111<=95%),N111*90%,IF(O111=96%,N111*96%,IF(O111=97%,N111*97%,IF(O111=98%,N111*98%,IF(O111=99%,N111*99%,IF(O111=100%,N111,0)))))))) -> 147000 | R111: =+$F$4*$R$3 -> 50000 | S111: =+VLOOKUP(C111,Indicadores!B:Q,15,FALSE) -> 0.48333333 | T111: =IF(S111>=80%,"Cumple","No Cumple") -> No Cumple | U111: =IF(S111=80%,R111*70%,IF(AND(S111>=81%,S111<=90%),R111*80%,IF(AND(S111>=91%,S111<=95%),R111*90%,IF(S111=96%,R111*96%,IF(S111=97%,R111*97%,IF(S111=98%,R111*98%,IF(S111=99%,R111*99%,IF(S111=100%,R111,0)))))))) -> 0 | V111: =+$F$4*$V$3 -> 50000 | W111: =+VLOOKUP(C111,Indicadores!B:V,21,FALSE) -> 0.48305 | X111: =IF(W111>=100%,"Cumple","No Cumple") -> No Cumple | Y111: =IF(W111=100%,V111,0) -> 0 | Z111: =IF(AND(G111>=70%,K111>=70%),"SI","NO") -> SI | AA111: =+IF(Z111="SI",Q111+U111+Y111,0) -> 147000
B112: REGIONAL PACIFICO | C112: CALI_7 | D112: MONICA GIRALDO HERNANDEZ | E112: LAURA CATALINA ROSERO JURADO | F112: =+$F$4*$G$3 -> 0 | G112: =+VLOOKUP(C112,Indicadores!B:C,2,FALSE) -> 0.7633 | H112: =IF(G112>=70%,"Cumple","No Cumple") -> Cumple | I112: =+IF(G112>=95%,F112*G112,0) -> 0 | J112: =+$F$4*$J$3 -> 0 | K112: =+VLOOKUP(C112,Indicadores!B:F,5,FALSE) -> 0.8 | L112: =IF(K112>=70%,"Cumple","No Cumple") -> Cumple | M112: =+IF(K112>=95%,J112*K112,0) -> 0 | N112: =+$F$4*$N$3 -> 150000 | O112: =+VLOOKUP(C112,Indicadores!B:P,14,FALSE) -> 1 | P112: =IF(O112>=80%,"Cumple","No Cumple") -> Cumple | Q112: =IF(O112=80%,N112*70%,IF(AND(O112>=81%,O112<=90%),N112*80%,IF(AND(O112>=91%,O112<=95%),N112*90%,IF(O112=96%,N112*96%,IF(O112=97%,N112*97%,IF(O112=98%,N112*98%,IF(O112=99%,N112*99%,IF(O112=100%,N112,0)))))))) -> 150000 | R112: =+$F$4*$R$3 -> 50000 | S112: =+VLOOKUP(C112,Indicadores!B:Q,15,FALSE) -> 0.33333333 | T112: =IF(S112>=80%,"Cumple","No Cumple") -> No Cumple | U112: =IF(S112=80%,R112*70%,IF(AND(S112>=81%,S112<=90%),R112*80%,IF(AND(S112>=91%,S112<=95%),R112*90%,IF(S112=96%,R112*96%,IF(S112=97%,R112*97%,IF(S112=98%,R112*98%,IF(S112=99%,R112*99%,IF(S112=100%,R112,0)))))))) -> 0 | V112: =+$F$4*$V$3 -> 50000 | W112: =+VLOOKUP(C112,Indicadores!B:V,21,FALSE) -> 1 | X112: =IF(W112>=100%,"Cumple","No Cumple") -> Cumple | Y112: =IF(W112=100%,V112,0) -> 50000 | Z112: =IF(AND(G112>=70%,K112>=70%),"SI","NO") -> SI | AA112: =+IF(Z112="SI",Q112+U112+Y112,0) -> 200000
B113: REGIONAL PACIFICO | C113: CALI_9 | D113: MONICA GIRALDO HERNANDEZ | E113: LAURA CATALINA ROSERO JURADO | F113: =+$F$4*$G$3 -> 0 | G113: =+VLOOKUP(C113,Indicadores!B:C,2,FALSE) -> 0.48588182 | H113: =IF(G113>=70%,"Cumple","No Cumple") -> No Cumple | I113: =+IF(G113>=95%,F113*G113,0) -> 0 | J113: =+$F$4*$J$3 -> 0 | K113: =+VLOOKUP(C113,Indicadores!B:F,5,FALSE) -> 0.6 | L113: =IF(K113>=70%,"Cumple","No Cumple") -> No Cumple | M113: =+IF(K113>=95%,J113*K113,0) -> 0 | N113: =+$F$4*$N$3 -> 150000 | O113: =+VLOOKUP(C113,Indicadores!B:P,14,FALSE) -> 0.5862 | P113: =IF(O113>=80%,"Cumple","No Cumple") -> No Cumple | Q113: =IF(O113=80%,N113*70%,IF(AND(O113>=81%,O113<=90%),N113*80%,IF(AND(O113>=91%,O113<=95%),N113*90%,IF(O113=96%,N113*96%,IF(O113=97%,N113*97%,IF(O113=98%,N113*98%,IF(O113=99%,N113*99%,IF(O113=100%,N113,0)))))))) -> 0 | R113: =+$F$4*$R$3 -> 50000 | S113: =+VLOOKUP(C113,Indicadores!B:Q,15,FALSE) -> 0.47746667 | T113: =IF(S113>=80%,"Cumple","No Cumple") -> No Cumple | U113: =IF(S113=80%,R113*70%,IF(AND(S113>=81%,S113<=90%),R113*80%,IF(AND(S113>=91%,S113<=95%),R113*90%,IF(S113=96%,R113*96%,IF(S113=97%,R113*97%,IF(S113=98%,R113*98%,IF(S113=99%,R113*99%,IF(S113=100%,R113,0)))))))) -> 0 | V113: =+$F$4*$V$3 -> 50000 | W113: =+VLOOKUP(C113,Indicadores!B:V,21,FALSE) -> 0.5862 | X113: =IF(W113>=100%,"Cumple","No Cumple") -> No Cumple | Y113: =IF(W113=100%,V113,0) -> 0 | Z113: =IF(AND(G113>=70%,K113>=70%),"SI","NO") -> NO | AA113: =+IF(Z113="SI",Q113+U113+Y113,0) -> 0
B114: REGIONAL PACIFICO | C114: PALMIRA_1 | D114: MONICA GIRALDO HERNANDEZ | E114: LAURA CATALINA ROSERO JURADO | F114: =+$F$4*$G$3 -> 0 | G114: =+VLOOKUP(C114,Indicadores!B:C,2,FALSE) -> 0.73012727 | H114: =IF(G114>=70%,"Cumple","No Cumple") -> Cumple | I114: =+IF(G114>=95%,F114*G114,0) -> 0 | J114: =+$F$4*$J$3 -> 0 | K114: =+VLOOKUP(C114,Indicadores!B:F,5,FALSE) -> 1 | L114: =IF(K114>=70%,"Cumple","No Cumple") -> Cumple | M114: =+IF(K114>=95%,J114*K114,0) -> 0 | N114: =+$F$4*$N$3 -> 150000 | O114: =+VLOOKUP(C114,Indicadores!B:P,14,FALSE) -> 0.9844 | P114: =IF(O114>=80%,"Cumple","No Cumple") -> Cumple | Q114: =IF(O114=80%,N114*70%,IF(AND(O114>=81%,O114<=90%),N114*80%,IF(AND(O114>=91%,O114<=95%),N114*90%,IF(O114=96%,N114*96%,IF(O114=97%,N114*97%,IF(O114=98%,N114*98%,IF(O114=99%,N114*99%,IF(O114=100%,N114,0)))))))) -> 0 | R114: =+$F$4*$R$3 -> 50000 | S114: =+VLOOKUP(C114,Indicadores!B:Q,15,FALSE) -> 0.34046667 | T114: =IF(S114>=80%,"Cumple","No Cumple") -> No Cumple | U114: =IF(S114=80%,R114*70%,IF(AND(S114>=81%,S114<=90%),R114*80%,IF(AND(S114>=91%,S114<=95%),R114*90%,IF(S114=96%,R114*96%,IF(S114=97%,R114*97%,IF(S114=98%,R114*98%,IF(S114=99%,R114*99%,IF(S114=100%,R114,0)))))))) -> 0 | V114: =+$F$4*$V$3 -> 50000 | W114: =+VLOOKUP(C114,Indicadores!B:V,21,FALSE) -> 0.9844 | X114: =IF(W114>=100%,"Cumple","No Cumple") -> No Cumple | Y114: =IF(W114=100%,V114,0) -> 0 | Z114: =IF(AND(G114>=70%,K114>=70%),"SI","NO") -> SI | AA114: =+IF(Z114="SI",Q114+U114+Y114,0) -> 0
B115: REGIONAL PACIFICO | C115: PALMIRA_2 | D115: MONICA GIRALDO HERNANDEZ | E115: LAURA CATALINA ROSERO JURADO | F115: =+$F$4*$G$3 -> 0 | G115: =+VLOOKUP(C115,Indicadores!B:C,2,FALSE) -> 0.76107273 | H115: =IF(G115>=70%,"Cumple","No Cumple") -> Cumple | I115: =+IF(G115>=95%,F115*G115,0) -> 0 | J115: =+$F$4*$J$3 -> 0 | K115: =+VLOOKUP(C115,Indicadores!B:F,5,FALSE) -> 0.88888889 | L115: =IF(K115>=70%,"Cumple","No Cumple") -> Cumple | M115: =+IF(K115>=95%,J115*K115,0) -> 0 | N115: =+$F$4*$N$3 -> 150000 | O115: 0.98 | P115: =IF(O115>=80%,"Cumple","No Cumple") -> Cumple | Q115: =IF(O115=80%,N115*70%,IF(AND(O115>=81%,O115<=90%),N115*80%,IF(AND(O115>=91%,O115<=95%),N115*90%,IF(O115=96%,N115*96%,IF(O115=97%,N115*97%,IF(O115=98%,N115*98%,IF(O115=99%,N115*99%,IF(O115=100%,N115,0)))))))) -> 147000 | R115: =+$F$4*$R$3 -> 50000 | S115: =+VLOOKUP(C115,Indicadores!B:Q,15,FALSE) -> 0.52253333 | T115: =IF(S115>=80%,"Cumple","No Cumple") -> No Cumple | U115: =IF(S115=80%,R115*70%,IF(AND(S115>=81%,S115<=90%),R115*80%,IF(AND(S115>=91%,S115<=95%),R115*90%,IF(S115=96%,R115*96%,IF(S115=97%,R115*97%,IF(S115=98%,R115*98%,IF(S115=99%,R115*99%,IF(S115=100%,R115,0)))))))) -> 0 | V115: =+$F$4*$V$3 -> 50000 | W115: =+VLOOKUP(C115,Indicadores!B:V,21,FALSE) -> 0.9767 | X115: =IF(W115>=100%,"Cumple","No Cumple") -> No Cumple | Y115: =IF(W115=100%,V115,0) -> 0 | Z115: =IF(AND(G115>=70%,K115>=70%),"SI","NO") -> SI | AA115: =+IF(Z115="SI",Q115+U115+Y115,0) -> 147000
B116: REGIONAL PACIFICO | C116: PASTO_1 | D116: MONICA GIRALDO HERNANDEZ | E116: LAURA CATALINA ROSERO JURADO | F116: =+$F$4*$G$3 -> 0 | G116: =+VLOOKUP(C116,Indicadores!B:C,2,FALSE) -> 0.81439091 | H116: =IF(G116>=70%,"Cumple","No Cumple") -> Cumple | I116: =+IF(G116>=95%,F116*G116,0) -> 0 | J116: =+$F$4*$J$3 -> 0 | K116: =+VLOOKUP(C116,Indicadores!B:F,5,FALSE) -> 0.83333333 | L116: =IF(K116>=70%,"Cumple","No Cumple") -> Cumple | M116: =+IF(K116>=95%,J116*K116,0) -> 0 | N116: =+$F$4*$N$3 -> 150000 | O116: 0.98 | P116: =IF(O116>=80%,"Cumple","No Cumple") -> Cumple | Q116: =IF(O116=80%,N116*70%,IF(AND(O116>=81%,O116<=90%),N116*80%,IF(AND(O116>=91%,O116<=95%),N116*90%,IF(O116=96%,N116*96%,IF(O116=97%,N116*97%,IF(O116=98%,N116*98%,IF(O116=99%,N116*99%,IF(O116=100%,N116,0)))))))) -> 147000 | R116: =+$F$4*$R$3 -> 50000 | S116: =+VLOOKUP(C116,Indicadores!B:Q,15,FALSE) -> 0.4131 | T116: =IF(S116>=80%,"Cumple","No Cumple") -> No Cumple | U116: =IF(S116=80%,R116*70%,IF(AND(S116>=81%,S116<=90%),R116*80%,IF(AND(S116>=91%,S116<=95%),R116*90%,IF(S116=96%,R116*96%,IF(S116=97%,R116*97%,IF(S116=98%,R116*98%,IF(S116=99%,R116*99%,IF(S116=100%,R116,0)))))))) -> 0 | V116: =+$F$4*$V$3 -> 50000 | W116: =+VLOOKUP(C116,Indicadores!B:V,21,FALSE) -> 0.5 | X116: =IF(W116>=100%,"Cumple","No Cumple") -> No Cumple | Y116: =IF(W116=100%,V116,0) -> 0 | Z116: =IF(AND(G116>=70%,K116>=70%),"SI","NO") -> SI | AA116: =+IF(Z116="SI",Q116+U116+Y116,0) -> 147000
B117: REGIONAL PACIFICO | C117: TULUA_1 | D117: MONICA GIRALDO HERNANDEZ | E117: LAURA CATALINA ROSERO JURADO | F117: =+$F$4*$G$3 -> 0 | G117: =+VLOOKUP(C117,Indicadores!B:C,2,FALSE) -> 0.81191818 | H117: =IF(G117>=70%,"Cumple","No Cumple") -> Cumple | I117: =+IF(G117>=95%,F117*G117,0) -> 0 | J117: =+$F$4*$J$3 -> 0 | K117: =+VLOOKUP(C117,Indicadores!B:F,5,FALSE) -> 1 | L117: =IF(K117>=70%,"Cumple","No Cumple") -> Cumple | M117: =+IF(K117>=95%,J117*K117,0) -> 0 | N117: =+$F$4*$N$3 -> 150000 | O117: =+VLOOKUP(C117,Indicadores!B:P,14,FALSE) -> 1 | P117: =IF(O117>=80%,"Cumple","No Cumple") -> Cumple | Q117: =IF(O117=80%,N117*70%,IF(AND(O117>=81%,O117<=90%),N117*80%,IF(AND(O117>=91%,O117<=95%),N117*90%,IF(O117=96%,N117*96%,IF(O117=97%,N117*97%,IF(O117=98%,N117*98%,IF(O117=99%,N117*99%,IF(O117=100%,N117,0)))))))) -> 150000 | R117: =+$F$4*$R$3 -> 50000 | S117: =+VLOOKUP(C117,Indicadores!B:Q,15,FALSE) -> 0.4643 | T117: =IF(S117>=80%,"Cumple","No Cumple") -> No Cumple | U117: =IF(S117=80%,R117*70%,IF(AND(S117>=81%,S117<=90%),R117*80%,IF(AND(S117>=91%,S117<=95%),R117*90%,IF(S117=96%,R117*96%,IF(S117=97%,R117*97%,IF(S117=98%,R117*98%,IF(S117=99%,R117*99%,IF(S117=100%,R117,0)))))))) -> 0 | V117: =+$F$4*$V$3 -> 50000 | W117: =+VLOOKUP(C117,Indicadores!B:V,21,FALSE) -> 1 | X117: =IF(W117>=100%,"Cumple","No Cumple") -> Cumple | Y117: =IF(W117=100%,V117,0) -> 50000 | Z117: =IF(AND(G117>=70%,K117>=70%),"SI","NO") -> SI | AA117: =+IF(Z117="SI",Q117+U117+Y117,0) -> 200000
B118: REGIONAL PACIFICO | C118: YUMBO_1 | D118: MONICA GIRALDO HERNANDEZ | E118: LAURA CATALINA ROSERO JURADO | F118: =+$F$4*$G$3 -> 0 | G118: =+VLOOKUP(C118,Indicadores!B:C,2,FALSE) -> 0.75828182 | H118: =IF(G118>=70%,"Cumple","No Cumple") -> Cumple | I118: =+IF(G118>=95%,F118*G118,0) -> 0 | J118: =+$F$4*$J$3 -> 0 | K118: =+VLOOKUP(C118,Indicadores!B:F,5,FALSE) -> 1 | L118: =IF(K118>=70%,"Cumple","No Cumple") -> Cumple | M118: =+IF(K118>=95%,J118*K118,0) -> 0 | N118: =+$F$4*$N$3 -> 150000 | O118: =+VLOOKUP(C118,Indicadores!B:P,14,FALSE) -> 0.9773 | P118: =IF(O118>=80%,"Cumple","No Cumple") -> Cumple | Q118: =IF(O118=80%,N118*70%,IF(AND(O118>=81%,O118<=90%),N118*80%,IF(AND(O118>=91%,O118<=95%),N118*90%,IF(O118=96%,N118*96%,IF(O118=97%,N118*97%,IF(O118=98%,N118*98%,IF(O118=99%,N118*99%,IF(O118=100%,N118,0)))))))) -> 0 | R118: =+$F$4*$R$3 -> 50000 | S118: =+VLOOKUP(C118,Indicadores!B:Q,15,FALSE) -> 0.33586667 | T118: =IF(S118>=80%,"Cumple","No Cumple") -> No Cumple | U118: =IF(S118=80%,R118*70%,IF(AND(S118>=81%,S118<=90%),R118*80%,IF(AND(S118>=91%,S118<=95%),R118*90%,IF(S118=96%,R118*96%,IF(S118=97%,R118*97%,IF(S118=98%,R118*98%,IF(S118=99%,R118*99%,IF(S118=100%,R118,0)))))))) -> 0 | V118: =+$F$4*$V$3 -> 50000 | W118: =+VLOOKUP(C118,Indicadores!B:V,21,FALSE) -> 0.9773 | X118: =IF(W118>=100%,"Cumple","No Cumple") -> No Cumple | Y118: =IF(W118=100%,V118,0) -> 0 | Z118: =IF(AND(G118>=70%,K118>=70%),"SI","NO") -> SI | AA118: =+IF(Z118="SI",Q118+U118+Y118,0) -> 0
B119: REGIONAL BOGOTA | C119: SOC_1 | D119: ANYI MAYERLIE ORJUELA | E119: LAURA ESTEPHANIA PIÑEROS MONTAÑA | F119: =+$F$4*$G$3 -> 0 | G119: =+VLOOKUP(C119,Indicadores!B:C,2,FALSE) -> 0.77711818 | H119: =IF(G119>=70%,"Cumple","No Cumple") -> Cumple | I119: =+IF(G119>=95%,F119*G119,0) -> 0 | J119: =+$F$4*$J$3 -> 0 | K119: =+VLOOKUP(C119,Indicadores!B:F,5,FALSE) -> 1 | L119: =IF(K119>=70%,"Cumple","No Cumple") -> Cumple | M119: =+IF(K119>=95%,J119*K119,0) -> 0 | N119: =+$F$4*$N$3 -> 150000 | O119: =+VLOOKUP(C119,Indicadores!B:P,14,FALSE) -> 1 | P119: =IF(O119>=80%,"Cumple","No Cumple") -> Cumple | Q119: =IF(O119=80%,N119*70%,IF(AND(O119>=81%,O119<=90%),N119*80%,IF(AND(O119>=91%,O119<=95%),N119*90%,IF(O119=96%,N119*96%,IF(O119=97%,N119*97%,IF(O119=98%,N119*98%,IF(O119=99%,N119*99%,IF(O119=100%,N119,0)))))))) -> 150000 | R119: =+$F$4*$R$3 -> 50000 | S119: =+VLOOKUP(C119,Indicadores!B:Q,15,FALSE) -> 0.59856667 | T119: =IF(S119>=80%,"Cumple","No Cumple") -> No Cumple | U119: =IF(S119=80%,R119*70%,IF(AND(S119>=81%,S119<=90%),R119*80%,IF(AND(S119>=91%,S119<=95%),R119*90%,IF(S119=96%,R119*96%,IF(S119=97%,R119*97%,IF(S119=98%,R119*98%,IF(S119=99%,R119*99%,IF(S119=100%,R119,0)))))))) -> 0 | V119: =+$F$4*$V$3 -> 50000 | W119: =+VLOOKUP(C119,Indicadores!B:V,21,FALSE) -> 0.5 | X119: =IF(W119>=100%,"Cumple","No Cumple") -> No Cumple | Y119: =IF(W119=100%,V119,0) -> 0 | Z119: =IF(AND(G119>=70%,K119>=70%),"SI","NO") -> SI | AA119: =+IF(Z119="SI",Q119+U119+Y119,0) -> 150000
B120: REGIONAL BOGOTA | C120: SOC_10 | D120: ANYI MAYERLIE ORJUELA | E120: LAURA ESTEPHANIA PIÑEROS MONTAÑA | F120: =+$F$4*$G$3 -> 0 | G120: =+VLOOKUP(C120,Indicadores!B:C,2,FALSE) -> 0.82110909 | H120: =IF(G120>=70%,"Cumple","No Cumple") -> Cumple | I120: =+IF(G120>=95%,F120*G120,0) -> 0 | J120: =+$F$4*$J$3 -> 0 | K120: =+VLOOKUP(C120,Indicadores!B:F,5,FALSE) -> 1 | L120: =IF(K120>=70%,"Cumple","No Cumple") -> Cumple | M120: =+IF(K120>=95%,J120*K120,0) -> 0 | N120: =+$F$4*$N$3 -> 150000 | O120: =+VLOOKUP(C120,Indicadores!B:P,14,FALSE) -> 1 | P120: =IF(O120>=80%,"Cumple","No Cumple") -> Cumple | Q120: =IF(O120=80%,N120*70%,IF(AND(O120>=81%,O120<=90%),N120*80%,IF(AND(O120>=91%,O120<=95%),N120*90%,IF(O120=96%,N120*96%,IF(O120=97%,N120*97%,IF(O120=98%,N120*98%,IF(O120=99%,N120*99%,IF(O120=100%,N120,0)))))))) -> 150000 | R120: =+$F$4*$R$3 -> 50000 | S120: =+VLOOKUP(C120,Indicadores!B:Q,15,FALSE) -> 0.71613333 | T120: =IF(S120>=80%,"Cumple","No Cumple") -> No Cumple | U120: =IF(S120=80%,R120*70%,IF(AND(S120>=81%,S120<=90%),R120*80%,IF(AND(S120>=91%,S120<=95%),R120*90%,IF(S120=96%,R120*96%,IF(S120=97%,R120*97%,IF(S120=98%,R120*98%,IF(S120=99%,R120*99%,IF(S120=100%,R120,0)))))))) -> 0 | V120: =+$F$4*$V$3 -> 50000 | W120: =+VLOOKUP(C120,Indicadores!B:V,21,FALSE) -> 0.5 | X120: =IF(W120>=100%,"Cumple","No Cumple") -> No Cumple | Y120: =IF(W120=100%,V120,0) -> 0 | Z120: =IF(AND(G120>=70%,K120>=70%),"SI","NO") -> SI | AA120: =+IF(Z120="SI",Q120+U120+Y120,0) -> 150000
B121: REGIONAL BOGOTA | C121: SOC_11 | D121: ANYI MAYERLIE ORJUELA | E121: LAURA ESTEPHANIA PIÑEROS MONTAÑA | F121: =+$F$4*$G$3 -> 0 | G121: =+VLOOKUP(C121,Indicadores!B:C,2,FALSE) -> 0.74613636 | H121: =IF(G121>=70%,"Cumple","No Cumple") -> Cumple | I121: =+IF(G121>=95%,F121*G121,0) -> 0 | J121: =+$F$4*$J$3 -> 0 | K121: =+VLOOKUP(C121,Indicadores!B:F,5,FALSE) -> 1 | L121: =IF(K121>=70%,"Cumple","No Cumple") -> Cumple | M121: =+IF(K121>=95%,J121*K121,0) -> 0 | N121: =+$F$4*$N$3 -> 150000 | O121: =+VLOOKUP(C121,Indicadores!B:P,14,FALSE) -> 0.8701 | P121: =IF(O121>=80%,"Cumple","No Cumple") -> Cumple | Q121: =IF(O121=80%,N121*70%,IF(AND(O121>=81%,O121<=90%),N121*80%,IF(AND(O121>=91%,O121<=95%),N121*90%,IF(O121=96%,N121*96%,IF(O121=97%,N121*97%,IF(O121=98%,N121*98%,IF(O121=99%,N121*99%,IF(O121=100%,N121,0)))))))) -> 120000 | R121: =+$F$4*$R$3 -> 50000 | S121: =+VLOOKUP(C121,Indicadores!B:Q,15,FALSE) -> 0.68493333 | T121: =IF(S121>=80%,"Cumple","No Cumple") -> No Cumple | U121: =IF(S121=80%,R121*70%,IF(AND(S121>=81%,S121<=90%),R121*80%,IF(AND(S121>=91%,S121<=95%),R121*90%,IF(S121=96%,R121*96%,IF(S121=97%,R121*97%,IF(S121=98%,R121*98%,IF(S121=99%,R121*99%,IF(S121=100%,R121,0)))))))) -> 0 | V121: =+$F$4*$V$3 -> 50000 | W121: =+VLOOKUP(C121,Indicadores!B:V,21,FALSE) -> 0.93505 | X121: =IF(W121>=100%,"Cumple","No Cumple") -> No Cumple | Y121: =IF(W121=100%,V121,0) -> 0 | Z121: =IF(AND(G121>=70%,K121>=70%),"SI","NO") -> SI | AA121: =+IF(Z121="SI",Q121+U121+Y121,0) -> 120000
...

Sheet Liq. Mercaderista 2da Llave 80%
W1: SI | X1: =+COUNTIF(W6:W193,W1) -> 65
B2: LLAVE DEL 80% | W2: Equipo ganador | X2: =+X1/188 -> 0.34574468
G3: LLAVE | I3: LLAVE | K3: 0.6 | O3: 0.2 | S3: 0.2
F4: 250000 | G4: CAPTURA DE INFORMACION | K4: TIENDA PERFECTA | O4: VENTAS | S4: DEVOLUCIONES & FECHAS CORTAS | X4: =+SUBTOTAL(9,X6:X193) -> 5872500
B5: Regional | C5: RUTA | D5: Lider | E5: Supervisor | F5: Valor Comision | G5: % Cumpl. Captura | H5: Categoria Efec 80% | I5: % Cumplimiento Cobertura | J5: Categoria Efec 80% | K5: Valor Comision TP | L5: % Cumplimiento TP | M5: Categoria Efec >80% | N5: $ Liquidar | O5: Valor Comision Ventas | P5: % Cumplimiento Ventas | Q5: Categoria Efec | R5: $ Liquidar | S5: Valor Comision FC y Dev | T5: % Cumplimiento FC & DV | U5: Categoria Efec | V5: $ Liquidar | W5: Corresponde Comision | X5: Valor total A Pagar Real | Y5: Observaciones
B6: REGIONAL BOGOTA | C6: CTR_1 | D6: ANYI MAYERLIE ORJUELA | E6: SUSANA SILVA MENDOZA | F6: =+$F$4 -> 250000 | G6: =+VLOOKUP(C6,Indicadores!B:C,2,FALSE) -> 0.8841 | H6: =IF(G6>=80%,"Cumple","No Cumple") -> Cumple | I6: =+VLOOKUP(C6,Indicadores!B:F,5,FALSE) -> 1 | J6: =IF(I6>=80%,"Cumple","No Cumple") -> Cumple | K6: =+$F$4*$K$3 -> 150000 | L6: =+VLOOKUP(C6,Indicadores!B:P,15,FALSE) -> 0.86933333 | M6: =IF(L6>=80%,"Cumple","No Cumple") -> Cumple | N6: =IF(L6=80%,K6*70%,IF(AND(L6>=81%,L6<=90%),K6*80%,IF(AND(L6>=91%,L6<=95%),K6*90%,IF(L6=96%,K6*96%,IF(L6=97%,K6*97%,IF(L6=98%,K6*98%,IF(L6=99%,K6*99%,IF(L6=100%,K6,0)))))))) -> 120000 | O6: =+$F$4*$O$3 -> 50000 | P6: 0.95 | Q6: =IF(P6>=80%,"Cumple","No Cumple") -> Cumple | R6: =+O6*95% -> 47500 | S6: =+$F$4*$S$3 -> 50000 | T6: =+VLOOKUP(C6,Indicadores!B:V,21,FALSE) -> 0.489 | U6: =IF(T6>=100%,"Cumple","No Cumple") -> No Cumple | V6: =IF(T6=100%,S6,0) -> 0 | W6: =IF(AND(G6>=80%,I6>=80%),"SI","NO") -> SI | X6: =+IF(W6="SI",N6+R6+V6,0) -> 167500
B7: REGIONAL BOGOTA | C7: CTR_10 | D7: ANYI MAYERLIE ORJUELA | E7: SUSANA SILVA MENDOZA | F7: =+$F$4 -> 250000 | G7: =+VLOOKUP(C7,Indicadores!B:C,2,FALSE) -> 0.7519 | H7: =IF(G7>=80%,"Cumple","No Cumple") -> No Cumple | I7: =+VLOOKUP(C7,Indicadores!B:F,5,FALSE) -> 1 | J7: =IF(I7>=80%,"Cumple","No Cumple") -> Cumple | K7: =+$F$4*$K$3 -> 150000 | L7: =+VLOOKUP(C7,Indicadores!B:P,15,FALSE) -> 0.40476667 | M7: =IF(L7>=80%,"Cumple","No Cumple") -> No Cumple | N7: =IF(L7=80%,K7*70%,IF(AND(L7>=81%,L7<=90%),K7*80%,IF(AND(L7>=91%,L7<=95%),K7*90%,IF(L7=96%,K7*96%,IF(L7=97%,K7*97%,IF(L7=98%,K7*98%,IF(L7=99%,K7*99%,IF(L7=100%,K7,0)))))))) -> 0 | O7: =+$F$4*$O$3 -> 50000 | P7: 0.95 | Q7: =IF(P7>=80%,"Cumple","No Cumple") -> Cumple | R7: =+O7*95% -> 47500 | S7: =+$F$4*$S$3 -> 50000 | T7: =+VLOOKUP(C7,Indicadores!B:V,21,FALSE) -> 1 | U7: =IF(T7>=100%,"Cumple","No Cumple") -> Cumple | V7: =IF(T7=100%,S7,0) -> 50000 | W7: =IF(AND(G7>=80%,I7>=80%),"SI","NO") -> NO | X7: =+IF(W7="SI",N7+R7+V7,0) -> 0
B8: REGIONAL BOGOTA | C8: CTR_11 | D8: ANYI MAYERLIE ORJUELA | E8: SUSANA SILVA MENDOZA | F8: =+$F$4 -> 250000 | G8: =+VLOOKUP(C8,Indicadores!B:C,2,FALSE) -> 0.75821818 | H8: =IF(G8>=80%,"Cumple","No Cumple") -> No Cumple | I8: =+VLOOKUP(C8,Indicadores!B:F,5,FALSE) -> 0.44444444 | J8: =IF(I8>=80%,"Cumple","No Cumple") -> No Cumple | K8: =+$F$4*$K$3 -> 150000 | L8: =+VLOOKUP(C8,Indicadores!B:P,15,FALSE) -> 0.39656667 | M8: =IF(L8>=80%,"Cumple","No Cumple") -> No Cumple | N8: =IF(L8=80%,K8*70%,IF(AND(L8>=81%,L8<=90%),K8*80%,IF(AND(L8>=91%,L8<=95%),K8*90%,IF(L8=96%,K8*96%,IF(L8=97%,K8*97%,IF(L8=98%,K8*98%,IF(L8=99%,K8*99%,IF(L8=100%,K8,0)))))))) -> 0 | O8: =+$F$4*$O$3 -> 50000 | P8: 0.95 | Q8: =IF(P8>=80%,"Cumple","No Cumple") -> Cumple | R8: =+O8*95% -> 47500 | S8: =+$F$4*$S$3 -> 50000 | T8: =+VLOOKUP(C8,Indicadores!B:V,21,FALSE) -> 0.48935 | U8: =IF(T8>=100%,"Cumple","No Cumple") -> No Cumple | V8: =IF(T8=100%,S8,0) -> 0 | W8: =IF(AND(G8>=80%,I8>=80%),"SI","NO") -> NO | X8: =+IF(W8="SI",N8+R8+V8,0) -> 0
